,FVG,Top,Bottom,MitigatedIndex
0,,,,
1,,,,
2,,,,
3,,,,
4,,,,
5,,,,
6,,,,
7,,,,
8,,,,
9,,,,
10,,,,
11,1.0,4416.01,4399.82,15.0
12,,,,
13,1.0,4654.88,4647.51,15.0
14,,,,
15,,,,
16,,,,
17,,,,
18,,,,
19,,,,
20,,,,
21,-1.0,4438.19,4426.62,45.0
22,,,,
23,,,,
24,,,,
25,,,,
26,-1.0,4040.8,3993.0,31.0
27,,,,
28,,,,
29,,,,
30,,,,
31,1.0,3830.91,3748.21,33.0
32,,,,
33,,,,
34,-1.0,3820.0,3750.0,36.0
35,,,,
36,,,,
37,,,,
38,1.0,3850.05,3789.99,463.0
39,,,,
40,1.0,4101.0,3976.99,42.0
41,,,,
42,,,,
43,,,,
44,,,,
45,,,,
46,,,,
47,,,,
48,,,,
49,,,,
50,1.0,4425.0,4417.0,459.0
51,1.0,4550.0,4479.5,459.0
52,1.0,4680.59,4658.0,459.0
53,,,,
54,,,,
55,1.0,5379.84,4881.61,61.0
56,1.0,5580.01,5439.99,58.0
57,,,,
58,,,,
59,,,,
60,,,,
61,,,,
62,1.0,5600.0,5596.0,67.0
63,1.0,5850.03,5710.0,65.0
64,,,,
65,,,,
66,,,,
67,,,,
68,,,,
69,,,,
70,,,,
71,,,,
72,1.0,6030.0,5850.02,86.0
73,,,,
74,1.0,6338.02,6248.68,84.0
75,1.0,6685.1,6498.01,82.0
76,1.0,6923.0,6774.67,78.0
77,,,,
78,,,,
79,,,,
80,-1.0,7279.02,7198.49,82.0
81,,,,
82,,,,
83,,,,
84,-1.0,7015.0,6797.98,89.0
85,,,,
86,,,,
87,,,,
88,,,,
89,1.0,7076.0,6684.98,171.0
90,1.0,7451.0,7298.0,92.0
91,,,,
92,,,,
93,1.0,7954.0,7819.99,95.0
94,,,,
95,,,,
96,,,,
97,,,,
98,,,,
99,1.0,8604.72,8369.0,103.0
100,1.0,9112.04,8734.78,103.0
101,1.0,9570.5,9350.0,103.0
102,,,,
103,,,,
104,,,,
105,,,,
106,,,,
107,,,,
108,,,,
109,1.0,11665.58,11600.0,126.0
110,1.0,13050.0,11853.0,113.0
111,1.0,14015.0,13615.23,113.0
112,,,,
113,,,,
114,,,,
115,1.0,15875.0,15720.12,117.0
116,,,,
117,,,,
118,,,,
119,1.0,17190.01,16445.0,122.0
120,1.0,18510.0,17991.0,122.0
121,,,,
122,,,,
123,,,,
124,,,,
125,,,,
126,,,,
127,,,,
128,,,,
129,,,,
130,,,,
131,,,,
132,,,,
133,,,,
134,,,,
135,,,,
136,,,,
137,1.0,14150.0,13818.55,139.0
138,,,,
139,,,,
140,1.0,16011.21,15280.0,142.0
141,,,,
142,,,,
143,-1.0,15610.0,15500.0,1175.0
144,,,,
145,,,,
146,,,,
147,,,,
148,,,,
149,,,,
150,,,,
151,-1.0,13147.79,11680.99,153.0
152,,,,
153,,,,
154,,,,
155,,,,
156,,,,
157,,,,
158,,,,
159,,,,
160,,,,
161,,,,
162,,,,
163,,,,
164,-1.0,11408.0,11308.42,186.0
165,-1.0,11139.55,10425.85,183.0
166,,,,
167,-1.0,9700.0,9250.0,169.0
168,,,,
169,,,,
170,,,,
171,-1.0,7930.0,7878.0,173.0
172,,,,
173,,,,
174,,,,
175,1.0,8120.0,7844.0,177.0
176,,,,
177,,,,
178,,,,
179,,,,
180,1.0,9301.5,8950.0,191.0
181,1.0,9666.0,9489.6,189.0
182,,,,
183,,,,
184,,,,
185,,,,
186,,,,
187,-1.0,11100.59,10933.44,194.0
188,,,,
189,,,,
190,,,,
191,,,,
192,1.0,10121.0,9847.0,201.0
193,,,,
194,,,,
195,,,,
196,,,,
197,,,,
198,,,,
199,,,,
200,-1.0,11415.01,10899.0,673.0
201,-1.0,10555.48,10099.0,672.0
202,,,,
203,,,,
204,,,,
205,,,,
206,,,,
207,,,,
208,-1.0,8823.0,8430.0,210.0
209,,,,
210,,,,
211,,,,
212,,,,
213,,,,
214,1.0,8750.6,8705.23,216.0
215,,,,
216,,,,
217,,,,
218,,,,
219,,,,
220,-1.0,8365.77,8215.94,238.0
221,,,,
222,,,,
223,-1.0,7728.0,7292.43,228.0
224,,,,
225,,,,
226,,,,
227,,,,
228,,,,
229,-1.0,7011.01,6902.0,232.0
230,,,,
231,,,,
232,1.0,6880.0,6850.0,234.0
233,,,,
234,,,,
235,,,,
236,,,,
237,1.0,7732.0,6990.0,278.0
238,,,,
239,,,,
240,,,,
241,,,,
242,,,,
243,,,,
244,,,,
245,1.0,8565.0,8296.0,266.0
246,,,,
247,,,,
248,,,,
249,,,,
250,,,,
251,,,,
252,,,,
253,,,,
254,,,,
255,,,,
256,,,,
257,,,,
258,1.0,9520.85,9268.0,261.0
259,,,,
260,,,,
261,,,,
262,,,,
263,,,,
264,,,,
265,,,,
266,-1.0,8970.0,8646.88,268.0
267,,,,
268,,,,
269,,,,
270,,,,
271,,,,
272,,,,
273,,,,
274,,,,
275,,,,
276,,,,
277,-1.0,8305.0,8031.9,340.0
278,-1.0,7935.11,7730.73,289.0
279,,,,
280,,,,
281,,,,
282,,,,
283,,,,
284,,,,
285,,,,
286,,,,
287,,,,
288,,,,
289,,,,
290,,,,
291,,,,
292,,,,
293,,,,
294,,,,
295,-1.0,7531.0,7491.73,334.0
296,-1.0,7450.0,6922.0,333.0
297,,,,
298,,,,
299,,,,
300,,,,
301,,,,
302,,,,
303,,,,
304,1.0,6653.0,6589.03,306.0
305,,,,
306,,,,
307,,,,
308,-1.0,6672.57,6260.0,311.0
309,,,,
310,,,,
311,,,,
312,,,,
313,,,,
314,,,,
315,1.0,6186.03,6173.01,328.0
316,,,,
317,,,,
318,1.0,6463.01,6441.06,320.0
319,,,,
320,,,,
321,,,,
322,,,,
323,1.0,6667.44,6648.54,325.0
324,,,,
325,,,,
326,-1.0,6612.24,6406.0,332.0
327,,,,
328,,,,
329,,,,
330,,,,
331,,,,
332,1.0,6652.04,6395.0,355.0
333,1.0,7225.38,6747.3,337.0
334,,,,
335,,,,
336,,,,
337,,,,
338,,,,
339,1.0,7696.0,7582.4,347.0
340,1.0,8050.0,7833.0,342.0
341,,,,
342,,,,
343,,,,
344,,,,
345,,,,
346,,,,
347,-1.0,7866.0,7750.0,633.0
348,,,,
349,,,,
350,,,,
351,-1.0,7282.44,7089.87,353.0
352,,,,
353,,,,
354,-1.0,6821.0,6721.54,369.0
355,-1.0,6670.0,6622.81,369.0
356,,,,
357,,,,
358,,,,
359,,,,
360,,,,
361,,,,
362,,,,
363,,,,
364,,,,
365,,,,
366,,,,
367,,,,
368,,,,
369,,,,
370,,,,
371,1.0,6650.61,6576.99,373.0
372,,,,
373,,,,
374,1.0,6860.0,6775.27,377.0
375,,,,
376,,,,
377,,,,
378,,,,
379,1.0,7127.0,7089.0,383.0
380,,,,
381,,,,
382,,,,
383,-1.0,7227.17,6725.0,399.0
384,-1.0,6682.0,6544.0,392.0
385,,,,
386,,,,
387,,,,
388,,,,
389,,,,
390,,,,
391,1.0,6385.62,6360.0,394.0
392,,,,
393,,,,
394,,,,
395,,,,
396,,,,
397,,,,
398,,,,
399,1.0,6627.0,6540.0,402.0
400,,,,
401,,,,
402,-1.0,6661.75,6584.01,405.0
403,,,,
404,,,,
405,,,,
406,,,,
407,,,,
408,,,,
409,,,,
410,,,,
411,,,,
412,,,,
413,,,,
414,,,,
415,,,,
416,,,,
417,,,,
418,,,,
419,-1.0,6530.0,6360.0,422.0
420,,,,
421,,,,
422,,,,
423,1.0,6670.0,6416.0,426.0
424,,,,
425,,,,
426,-1.0,6676.01,6648.14,429.0
427,,,,
428,,,,
429,,,,
430,,,,
431,,,,
432,,,,
433,,,,
434,,,,
435,-1.0,6515.01,6514.17,443.0
436,,,,
437,-1.0,6453.0,6395.0,439.0
438,,,,
439,,,,
440,,,,
441,,,,
442,,,,
443,,,,
444,,,,
445,1.0,6509.0,6504.39,447.0
446,,,,
447,,,,
448,,,,
449,,,,
450,,,,
451,,,,
452,,,,
453,-1.0,6391.15,5939.54,627.0
454,,,,
455,,,,
456,,,,
457,,,,
458,-1.0,5617.0,5048.24,593.0
459,-1.0,4855.0,4787.2,592.0
460,,,,
461,,,,
462,,,,
463,,,,
464,,,,
465,,,,
466,,,,
467,1.0,4125.65,3940.0,469.0
468,,,,
469,,,,
470,,,,
471,,,,
472,-1.0,4103.04,4085.0,489.0
473,,,,
474,,,,
475,-1.0,3745.0,3549.99,478.0
476,-1.0,3500.0,3495.0,478.0
477,,,,
478,,,,
479,,,,
480,,,,
481,,,,
482,-1.0,3350.0,3335.39,486.0
483,,,,
484,,,,
485,,,,
486,1.0,3424.47,3294.0,528.0
487,1.0,3622.55,3585.0,496.0
488,,,,
489,,,,
490,,,,
491,,,,
492,,,,
493,,,,
494,-1.0,3924.83,3837.15,497.0
495,,,,
496,,,,
497,,,,
498,,,,
499,,,,
500,,,,
501,,,,
502,,,,
503,,,,
504,,,,
505,,,,
506,1.0,3921.53,3840.99,508.0
507,,,,
508,,,,
509,,,,
510,-1.0,3930.04,3658.0,514.0
511,,,,
512,,,,
513,,,,
514,,,,
515,,,,
516,,,,
517,,,,
518,,,,
519,,,,
520,-1.0,3594.23,3559.51,522.0
521,,,,
522,,,,
523,,,,
524,,,,
525,,,,
526,,,,
527,,,,
528,-1.0,3486.0,3443.45,530.0
529,,,,
530,,,,
531,,,,
532,,,,
533,,,,
534,,,,
535,,,,
536,,,,
537,-1.0,3448.43,3426.45,539.0
538,,,,
539,1.0,3625.13,3426.45,541.0
540,,,,
541,,,,
542,,,,
543,,,,
544,,,,
545,,,,
546,,,,
547,,,,
548,1.0,3655.0,3648.2,0.0
549,1.0,3856.0,3700.11,555.0
550,,,,
551,,,,
552,,,,
553,,,,
554,,,,
555,-1.0,3933.15,3872.66,559.0
556,,,,
557,,,,
558,,,,
559,,,,
560,,,,
561,,,,
562,,,,
563,,,,
564,,,,
565,,,,
566,,,,
567,,,,
568,,,,
569,,,,
570,,,,
571,,,,
572,,,,
573,,,,
574,1.0,3921.98,3920.0,580.0
575,1.0,3950.01,3939.22,580.0
576,,,,
577,,,,
578,,,,
579,,,,
580,,,,
581,,,,
582,,,,
583,,,,
584,,,,
585,,,,
586,1.0,4002.0,3958.98,938.0
587,,,,
588,1.0,4052.0,4039.7,938.0
589,,,,
590,,,,
591,1.0,4140.54,4116.12,938.0
592,1.0,4753.5,4158.7,937.0
593,,,,
594,,,,
595,,,,
596,,,,
597,,,,
598,,,,
599,,,,
600,,,,
601,-1.0,5135.0,5080.58,603.0
602,,,,
603,,,,
604,,,,
605,,,,
606,,,,
607,1.0,5198.8,5197.72,609.0
608,,,,
609,,,,
610,,,,
611,,,,
612,1.0,5332.41,5314.35,615.0
613,,,,
614,,,,
615,,,,
616,,,,
617,,,,
618,,,,
619,,,,
620,,,,
621,1.0,5370.0,5339.98,937.0
622,1.0,5477.57,5402.0,937.0
623,1.0,5587.45,5538.0,937.0
624,,,,
625,,,,
626,,,,
627,,,,
628,,,,
629,1.0,6172.0,6014.72,937.0
630,1.0,6372.85,6224.55,937.0
631,1.0,6750.0,6468.92,829.0
632,,,,
633,1.0,7599.56,7521.78,637.0
634,,,,
635,,,,
636,,,,
637,-1.0,7705.0,7458.0,639.0
638,,,,
639,1.0,7553.0,7458.0,642.0
640,,,,
641,,,,
642,,,,
643,,,,
644,,,,
645,,,,
646,1.0,8589.0,8091.8,648.0
647,,,,
648,,,,
649,,,,
650,,,,
651,,,,
652,,,,
653,,,,
654,-1.0,8524.0,8115.66,663.0
655,-1.0,8080.8,7896.7,658.0
656,,,,
657,,,,
658,,,,
659,,,,
660,,,,
661,,,,
662,,,,
663,1.0,8010.03,8010.0,767.0
664,,,,
665,1.0,8567.63,8309.82,767.0
666,1.0,8760.0,8684.41,767.0
667,1.0,8950.0,8864.99,669.0
668,,,,
669,,,,
670,,,,
671,1.0,9518.06,9304.0,697.0
672,1.0,9921.72,9590.0,683.0
673,1.0,10555.18,10174.99,678.0
674,,,,
675,,,,
676,1.0,11741.0,11143.63,678.0
677,,,,
678,,,,
679,,,,
680,,,,
681,-1.0,11475.02,11282.28,684.0
682,,,,
683,,,,
684,1.0,11055.0,10938.75,686.0
685,,,,
686,,,,
687,,,,
688,,,,
689,1.0,12068.0,11538.0,691.0
690,,,,
691,,,,
692,,,,
693,,,,
694,,,,
695,,,,
696,,,,
697,,,,
698,,,,
699,1.0,10121.84,9957.0,703.0
700,,,,
701,,,,
702,,,,
703,,,,
704,-1.0,10100.0,9937.0,706.0
705,,,,
706,,,,
707,,,,
708,-1.0,9637.0,9594.99,710.0
709,,,,
710,,,,
711,,,,
712,1.0,9863.46,9714.28,728.0
713,1.0,10281.35,10109.8,726.0
714,1.0,10497.93,10467.86,726.0
715,,,,
716,1.0,10927.8,10904.77,725.0
717,1.0,11226.7,11040.0,723.0
718,,,,
719,,,,
720,,,,
721,,,,
722,-1.0,11700.0,11600.0,1079.0
723,,,,
724,,,,
725,-1.0,11235.32,10897.48,731.0
726,-1.0,10788.45,10460.0,728.0
727,,,,
728,,,,
729,,,,
730,,,,
731,1.0,10560.0,10500.0,733.0
732,,,,
733,-1.0,10560.0,10242.0,735.0
734,,,,
735,,,,
736,,,,
737,,,,
738,,,,
739,,,,
740,-1.0,10051.08,9724.0,744.0
741,,,,
742,,,,
743,,,,
744,1.0,9712.5,9684.51,762.0
745,1.0,10272.0,9830.0,749.0
746,,,,
747,,,,
748,,,,
749,,,,
750,,,,
751,,,,
752,,,,
753,,,,
754,,,,
755,,,,
756,,,,
757,,,,
758,,,,
759,,,,
760,,,,
761,,,,
762,,,,
763,,,,
764,,,,
765,,,,
766,-1.0,9853.97,9794.99,799.0
767,-1.0,9615.77,8730.0,784.0
768,,,,
769,,,,
770,,,,
771,,,,
772,,,,
773,,,,
774,,,,
775,,,,
776,,,,
777,,,,
778,,,,
779,,,,
780,,,,
781,,,,
782,1.0,8414.52,8325.0,784.0
783,,,,
784,-1.0,8414.52,8400.0,786.0
785,,,,
786,,,,
787,,,,
788,-1.0,8203.0,8181.16,793.0
789,,,,
790,,,,
791,,,,
792,,,,
793,1.0,8142.03,8098.1,795.0
794,,,,
795,-1.0,8142.03,8047.59,798.0
796,-1.0,8000.0,7503.68,798.0
797,,,,
798,1.0,8470.38,7503.68,819.0
799,1.0,9074.34,8799.0,802.0
800,,,,
801,,,,
802,,,,
803,,,,
804,,,,
805,,,,
806,,,,
807,,,,
808,,,,
809,,,,
810,,,,
811,,,,
812,-1.0,9101.0,8880.0,814.0
813,,,,
814,,,,
815,,,,
816,,,,
817,,,,
818,,,,
819,-1.0,8582.6,8543.0,821.0
820,,,,
821,,,,
822,-1.0,8350.68,8218.63,824.0
823,,,,
824,,,,
825,-1.0,8038.4,7750.0,833.0
826,-1.0,7500.0,7344.48,829.0
827,,,,
828,,,,
829,,,,
830,,,,
831,1.0,7360.0,7340.0,835.0
832,,,,
833,,,,
834,,,,
835,-1.0,7441.0,7420.56,838.0
836,,,,
837,,,,
838,,,,
839,,,,
840,,,,
841,,,,
842,,,,
843,,,,
844,,,,
845,,,,
846,,,,
847,,,,
848,,,,
849,,,,
850,-1.0,7008.35,6942.21,852.0
851,,,,
852,1.0,7038.31,6942.21,867.0
853,,,,
854,,,,
855,,,,
856,1.0,7265.84,7190.58,858.0
857,,,,
858,,,,
859,,,,
860,,,,
861,,,,
862,1.0,7288.0,7275.86,864.0
863,,,,
864,,,,
865,,,,
866,,,,
867,,,,
868,1.0,7272.21,7212.5,937.0
869,,,,
870,,,,
871,1.0,7723.71,7495.0,875.0
872,1.0,7870.0,7795.34,874.0
873,,,,
874,,,,
875,,,,
876,,,,
877,,,,
878,,,,
879,1.0,8564.0,8196.0,884.0
880,,,,
881,,,,
882,,,,
883,,,,
884,-1.0,8806.38,8746.99,886.0
885,,,,
886,,,,
887,,,,
888,-1.0,8590.0,8528.02,891.0
889,,,,
890,,,,
891,1.0,8535.0,8451.26,923.0
892,1.0,8862.4,8618.13,922.0
893,1.0,9216.0,9000.0,895.0
894,,,,
895,,,,
896,,,,
897,,,,
898,,,,
899,,,,
900,,,,
901,1.0,9526.35,9350.0,913.0
902,,,,
903,,,,
904,,,,
905,,,,
906,,,,
907,1.0,10223.08,10188.0,909.0
908,,,,
909,,,,
910,,,,
911,-1.0,10111.37,10050.0,914.0
912,,,,
913,,,,
914,,,,
915,,,,
916,,,,
917,,,,
918,,,,
919,,,,
920,,,,
921,-1.0,9473.56,9377.44,986.0
922,-1.0,9250.0,8971.77,930.0
923,,,,
924,,,,
925,,,,
926,,,,
927,,,,
928,,,,
929,,,,
930,1.0,8985.5,8848.29,932.0
931,,,,
932,-1.0,8985.5,8886.76,985.0
933,-1.0,8835.0,8179.31,985.0
934,,,,
935,,,,
936,,,,
937,-1.0,7590.0,5955.0,944.0
938,,,,
939,,,,
940,,,,
941,,,,
942,,,,
943,,,,
944,1.0,5670.0,5436.17,0.0
945,,,,
946,,,,
947,,,,
948,,,,
949,,,,
950,,,,
951,,,,
952,-1.0,6510.0,6360.0,955.0
953,,,,
954,,,,
955,1.0,6321.4,6266.0,957.0
956,,,,
957,1.0,6551.0,6523.23,972.0
958,,,,
959,,,,
960,,,,
961,,,,
962,1.0,7077.0,6895.54,966.0
963,,,,
964,,,,
965,,,,
966,-1.0,7108.08,6944.3,968.0
967,,,,
968,,,,
969,,,,
970,,,,
971,,,,
972,1.0,6972.98,6933.0,976.0
973,,,,
974,,,,
975,,,,
976,-1.0,7055.6,6940.0,978.0
977,,,,
978,1.0,7020.0,6940.0,0.0
979,1.0,7388.0,7156.38,0.0
980,,,,
981,,,,
982,,,,
983,,,,
984,,,,
985,1.0,8401.0,7780.0,996.0
986,,,,
987,,,,
988,,,,
989,,,,
990,,,,
991,,,,
992,,,,
993,1.0,9705.0,9395.0,995.0
994,,,,
995,-1.0,9705.0,9574.83,1000.0
996,-1.0,9520.0,9168.0,999.0
997,,,,
998,,,,
999,1.0,9256.76,8978.26,1001.0
1000,,,,
1001,,,,
1002,,,,
1003,,,,
1004,,,,
1005,,,,
1006,,,,
1007,-1.0,9326.0,9271.0,1009.0
1008,,,,
1009,,,,
1010,-1.0,9070.0,8979.66,1012.0
1011,,,,
1012,,,,
1013,1.0,9110.0,9017.67,1032.0
1014,1.0,9330.0,9225.0,1019.0
1015,,,,
1016,,,,
1017,,,,
1018,,,,
1019,,,,
1020,,,,
1021,,,,
1022,,,,
1023,,,,
1024,,,,
1025,,,,
1026,,,,
1027,,,,
1028,-1.0,9704.18,9557.12,1033.0
1029,,,,
1030,,,,
1031,,,,
1032,,,,
1033,,,,
1034,,,,
1035,,,,
1036,,,,
1037,,,,
1038,,,,
1039,1.0,9577.03,9422.0,1041.0
1040,,,,
1041,-1.0,9577.03,9340.0,1053.0
1042,,,,
1043,,,,
1044,,,,
1045,,,,
1046,,,,
1047,,,,
1048,,,,
1049,,,,
1050,,,,
1051,,,,
1052,,,,
1053,1.0,9203.0,9145.24,1056.0
1054,,,,
1055,,,,
1056,,,,
1057,,,,
1058,,,,
1059,,,,
1060,,,,
1061,,,,
1062,,,,
1063,,,,
1064,,,,
1065,,,,
1066,,,,
1067,,,,
1068,1.0,9261.0,9221.52,0.0
1069,1.0,9440.33,9437.73,0.0
1070,,,,
1071,,,,
1072,1.0,9650.0,9637.0,0.0
1073,1.0,9917.21,9732.9,1113.0
1074,1.0,10565.0,10111.0,1080.0
1075,,,,
1076,,,,
1077,,,,
1078,1.0,11220.0,11170.0,1080.0
1079,,,,
1080,,,,
1081,,,,
1082,,,,
1083,1.0,11562.5,11414.98,1085.0
1084,,,,
1085,,,,
1086,,,,
1087,,,,
1088,,,,
1089,,,,
1090,,,,
1091,1.0,11634.03,11617.52,1097.0
1092,,,,
1093,,,,
1094,,,,
1095,,,,
1096,,,,
1097,,,,
1098,,,,
1099,,,,
1100,,,,
1101,,,,
1102,,,,
1103,-1.0,11585.09,11539.32,1105.0
1104,,,,
1105,,,,
1106,,,,
1107,,,,
1108,,,,
1109,,,,
1110,,,,
1111,-1.0,11515.0,11462.6,1149.0
1112,-1.0,11160.1,10627.05,1123.0
1113,,,,
1114,,,,
1115,,,,
1116,,,,
1117,,,,
1118,,,,
1119,,,,
1120,,,,
1121,,,,
1122,,,,
1123,1.0,10606.48,10580.11,1130.0
1124,,,,
1125,,,,
1126,,,,
1127,,,,
1128,,,,
1129,,,,
1130,-1.0,10723.0,10572.71,1133.0
1131,,,,
1132,,,,
1133,1.0,10556.24,10537.15,1140.0
1134,,,,
1135,,,,
1136,,,,
1137,,,,
1138,,,,
1139,,,,
1140,-1.0,10665.13,10664.64,1143.0
1141,,,,
1142,,,,
1143,1.0,10615.64,10603.56,1145.0
1144,,,,
1145,,,,
1146,,,,
1147,1.0,10829.0,10681.87,0.0
1148,1.0,11050.51,10950.0,0.0
1149,1.0,11221.0,11104.64,1151.0
1150,,,,
1151,,,,
1152,,,,
1153,,,,
1154,,,,
1155,,,,
1156,,,,
1157,1.0,11407.96,11402.42,0.0
1158,1.0,11677.59,11505.0,0.0
1159,1.0,11886.95,11823.99,0.0
1160,1.0,12678.08,12038.38,0.0
1161,,,,
1162,,,,
1163,,,,
1164,,,,
1165,,,,
1166,,,,
1167,,,,
1168,,,,
1169,,,,
1170,,,,
1171,,,,
1172,,,,
1173,,,,
1174,1.0,14093.56,14066.11,0.0
1175,1.0,15166.0,14259.0,1177.0
1176,,,,
1177,,,,
1178,,,,
1179,,,,
1180,,,,
1181,,,,
1182,,,,
1183,,,,
1184,,,,
1185,,,,
1186,1.0,16538.0,16180.0,1196.0
1187,1.0,17214.45,16880.0,1196.0
1188,,,,
1189,,,,
1190,1.0,18308.58,18179.8,1192.0
1191,,,,
1192,,,,
1193,,,,
1194,,,,
1195,,,,
1196,-1.0,18500.27,17457.62,1198.0
1197,,,,
1198,1.0,17517.0,17457.62,1908.0
1199,1.0,18184.99,17880.49,1201.0
1200,,,,
1201,,,,
1202,,,,
1203,,,,
1204,,,,
1205,,,,
1206,,,,
1207,,,,
1208,-1.0,18902.88,18639.57,1212.0
1209,,,,
1210,,,,
1211,,,,
1212,1.0,18711.12,18292.73,1765.0
1213,1.0,19000.0,18948.66,1765.0
1214,,,,
1215,,,,
1216,1.0,21230.0,19570.0,1761.0
1217,1.0,22350.0,21560.0,1221.0
1218,,,,
1219,,,,
1220,,,,
1221,,,,
1222,,,,
1223,,,,
1224,,,,
1225,1.0,24500.0,23794.43,1760.0
1226,1.0,25700.0,24789.86,1760.0
1227,,,,
1228,,,,
1229,,,,
1230,1.0,27850.0,27410.0,1727.0
1231,,,,
1232,,,,
1233,1.0,31962.99,29600.0,1235.0
1234,,,,
1235,,,,
1236,,,,
1237,1.0,36300.0,34360.0,1241.0
1238,,,,
1239,,,,
1240,,,,
1241,-1.0,38720.0,38264.74,1245.0
1242,,,,
1243,,,,
1244,1.0,36701.23,36628.0,1246.0
1245,,,,
1246,,,,
1247,,,,
1248,,,,
1249,,,,
1250,,,,
1251,-1.0,35844.06,35600.0,1260.0
1252,,,,
1253,,,,
1254,,,,
1255,,,,
1256,,,,
1257,,,,
1258,,,,
1259,,,,
1260,,,,
1261,,,,
1262,,,,
1263,,,,
1264,1.0,35362.38,34717.27,1370.0
1265,1.0,36161.95,35984.33,1370.0
1266,,,,
1267,,,,
1268,,,,
1269,,,,
1270,1.0,44961.09,39700.0,1272.0
1271,,,,
1272,,,,
1273,,,,
1274,,,,
1275,,,,
1276,,,,
1277,,,,
1278,,,,
1279,1.0,50901.9,50689.18,1281.0
1280,,,,
1281,1.0,53863.93,52530.0,1284.0
1282,,,,
1283,,,,
1284,-1.0,55477.59,54183.59,1299.0
1285,,,,
1286,,,,
1287,,,,
1288,,,,
1289,,,,
1290,,,,
1291,1.0,47047.6,46638.46,1295.0
1292,,,,
1293,,,,
1294,,,,
1295,,,,
1296,,,,
1297,1.0,49274.67,49200.0,1344.0
1298,1.0,51789.41,51450.03,1314.0
1299,1.0,53005.0,52402.78,1313.0
1300,,,,
1301,,,,
1302,,,,
1303,1.0,58966.78,58081.51,1305.0
1304,,,,
1305,-1.0,58966.78,56938.29,1307.0
1306,,,,
1307,1.0,57023.0,56938.29,1309.0
1308,,,,
1309,,,,
1310,,,,
1311,,,,
1312,,,,
1313,,,,
1314,,,,
1315,,,,
1316,1.0,53950.0,53287.0,1339.0
1317,,,,
1318,,,,
1319,1.0,57071.35,56559.75,1321.0
1320,,,,
1321,,,,
1322,,,,
1323,,,,
1324,,,,
1325,,,,
1326,,,,
1327,,,,
1328,,,,
1329,,,,
1330,,,,
1331,1.0,59232.52,58894.9,1339.0
1332,,,,
1333,,,,
1334,1.0,61301.0,61300.0,1337.0
1335,,,,
1336,,,,
1337,,,,
1338,,,,
1339,-1.0,59580.91,57526.81,1351.0
1340,,,,
1341,,,,
1342,,,,
1343,-1.0,53536.02,52131.85,1347.0
1344,,,,
1345,,,,
1346,,,,
1347,1.0,53222.0,50567.91,1350.0
1348,,,,
1349,,,,
1350,,,,
1351,1.0,56956.14,55195.84,1353.0
1352,,,,
1353,,,,
1354,,,,
1355,,,,
1356,,,,
1357,,,,
1358,,,,
1359,,,,
1360,,,,
1361,,,,
1362,,,,
1363,-1.0,54370.0,51367.19,1365.0
1364,,,,
1365,,,,
1366,,,,
1367,,,,
1368,,,,
1369,,,,
1370,,,,
1371,,,,
1372,,,,
1373,,,,
1374,,,,
1375,,,,
1376,,,,
1377,,,,
1378,,,,
1379,,,,
1380,,,,
1381,,,,
1382,,,,
1383,,,,
1384,,,,
1385,,,,
1386,,,,
1387,,,,
1388,,,,
1389,-1.0,35222.0,34068.01,1391.0
1390,,,,
1391,1.0,35782.0,34068.01,1394.0
1392,,,,
1393,,,,
1394,,,,
1395,1.0,38730.0,37463.63,1398.0
1396,1.0,39506.4,39380.0,1398.0
1397,,,,
1398,,,,
1399,,,,
1400,-1.0,37365.0,36457.0,1411.0
1401,,,,
1402,,,,
1403,-1.0,33336.0,33298.78,1405.0
1404,,,,
1405,,,,
1406,,,,
1407,,,,
1408,,,,
1409,1.0,33862.72,32730.0,1413.0
1410,,,,
1411,,,,
1412,,,,
1413,-1.0,34017.55,33977.04,1415.0
1414,,,,
1415,1.0,34357.15,33977.04,1417.0
1416,,,,
1417,,,,
1418,,,,
1419,,,,
1420,,,,
1421,,,,
1422,,,,
1423,,,,
1424,,,,
1425,,,,
1426,,,,
1427,,,,
1428,,,,
1429,,,,
1430,,,,
1431,-1.0,31108.97,31063.07,1433.0
1432,,,,
1433,1.0,31708.0,31063.07,1725.0
1434,,,,
1435,1.0,33401.14,32591.35,1620.0
1436,1.0,33851.12,33650.0,1620.0
1437,1.0,35205.78,34500.0,1618.0
1438,1.0,36383.0,35398.0,1617.0
1439,,,,
1440,,,,
1441,,,,
1442,1.0,41000.15,40640.0,1444.0
1443,,,,
1444,-1.0,41000.15,40480.01,1448.0
1445,,,,
1446,,,,
1447,,,,
1448,,,,
1449,1.0,42446.41,41350.0,1495.0
1450,,,,
1451,,,,
1452,,,,
1453,,,,
1454,,,,
1455,,,,
1456,,,,
1457,,,,
1458,,,,
1459,,,,
1460,,,,
1461,,,,
1462,1.0,46622.99,46000.0,1469.0
1463,1.0,48222.0,47033.0,1465.0
1464,,,,
1465,,,,
1466,,,,
1467,,,,
1468,,,,
1469,,,,
1470,,,,
1471,,,,
1472,,,,
1473,,,,
1474,,,,
1475,1.0,48584.06,48246.11,1477.0
1476,,,,
1477,,,,
1478,,,,
1479,1.0,50969.33,50535.69,1481.0
1480,,,,
1481,-1.0,50969.33,47340.99,1483.0
1482,,,,
1483,,,,
1484,,,,
1485,,,,
1486,,,,
1487,,,,
1488,,,,
1489,,,,
1490,,,,
1491,,,,
1492,,,,
1493,,,,
1494,-1.0,46829.18,43639.0,1496.0
1495,,,,
1496,,,,
1497,,,,
1498,-1.0,43069.09,42966.84,1500.0
1499,,,,
1500,,,,
1501,,,,
1502,,,,
1503,,,,
1504,1.0,43283.03,42590.0,1569.0
1505,1.0,47430.18,44141.37,1507.0
1506,,,,
1507,,,,
1508,,,,
1509,1.0,50382.41,49536.12,1569.0
1510,1.0,53357.0,51886.3,1563.0
1511,,,,
1512,,,,
1513,,,,
1514,,,,
1515,,,,
1516,,,,
1517,,,,
1518,,,,
1519,1.0,60150.0,58532.54,1521.0
1520,,,,
1521,,,,
1522,,,,
1523,1.0,63481.4,62695.78,1525.0
1524,,,,
1525,,,,
1526,-1.0,62000.0,61747.64,1529.0
1527,,,,
1528,,,,
1529,,,,
1530,,,,
1531,,,,
1532,,,,
1533,,,,
1534,,,,
1535,,,,
1536,,,,
1537,,,,
1538,,,,
1539,,,,
1540,,,,
1541,,,,
1542,1.0,63273.58,61560.49,1545.0
1543,1.0,66222.4,63286.35,1545.0
1544,,,,
1545,-1.0,66222.4,65600.07,1550.0
1546,,,,
1547,,,,
1548,,,,
1549,,,,
1550,,,,
1551,-1.0,63400.0,60840.23,1553.0
1552,,,,
1553,-1.0,58373.0,58320.0,1555.0
1554,,,,
1555,1.0,58486.65,58320.0,1557.0
1556,,,,
1557,-1.0,58486.65,58009.99,1560.0
1558,,,,
1559,,,,
1560,,,,
1561,-1.0,57000.0,55280.0,1563.0
1562,,,,
1563,1.0,56666.67,55280.0,1565.0
1564,,,,
1565,,,,
1566,,,,
1567,,,,
1568,-1.0,55777.77,53859.1,0.0
1569,-1.0,51680.0,49699.05,1571.0
1570,,,,
1571,1.0,50039.74,49699.05,1573.0
1572,,,,
1573,,,,
1574,,,,
1575,,,,
1576,,,,
1577,,,,
1578,,,,
1579,,,,
1580,,,,
1581,,,,
1582,-1.0,47511.0,47392.37,1584.0
1583,,,,
1584,,,,
1585,,,,
1586,1.0,48421.87,47537.57,1588.0
1587,,,,
1588,1.0,50384.43,49576.13,1590.0
1589,,,,
1590,,,,
1591,,,,
1592,,,,
1593,-1.0,50449.0,48139.08,1596.0
1594,,,,
1595,,,,
1596,,,,
1597,,,,
1598,,,,
1599,,,,
1600,,,,
1601,-1.0,45500.0,43816.0,1608.0
1602,,,,
1603,-1.0,42430.58,42300.0,1605.0
1604,,,,
1605,,,,
1606,,,,
1607,1.0,42450.0,42248.5,1609.0
1608,,,,
1609,,,,
1610,,,,
1611,,,,
1612,,,,
1613,,,,
1614,,,,
1615,,,,
1616,-1.0,41138.56,41100.0,1631.0
1617,-1.0,40553.31,36835.22,1620.0
1618,,,,
1619,,,,
1620,,,,
1621,,,,
1622,,,,
1623,,,,
1624,1.0,37268.44,37234.47,1627.0
1625,,,,
1626,,,,
1627,,,,
1628,,,,
1629,-1.0,38000.0,37387.0,1631.0
1630,,,,
1631,1.0,40843.01,37387.0,1644.0
1632,,,,
1633,,,,
1634,1.0,42666.0,42656.0,1638.0
1635,,,,
1636,,,,
1637,,,,
1638,-1.0,43174.01,43079.49,1642.0
1639,,,,
1640,,,,
1641,,,,
1642,1.0,43307.0,42842.4,1644.0
1643,,,,
1644,-1.0,43307.0,40959.88,1655.0
1645,,,,
1646,,,,
1647,-1.0,39639.03,39494.35,1651.0
1648,,,,
1649,,,,
1650,,,,
1651,,,,
1652,,,,
1653,,,,
1654,,,,
1655,1.0,42809.98,39855.7,1658.0
1656,,,,
1657,,,,
1658,-1.0,43334.09,42527.3,1664.0
1659,-1.0,41832.28,39613.24,1661.0
1660,,,,
1661,,,,
1662,,,,
1663,,,,
1664,,,,
1665,,,,
1666,,,,
1667,,,,
1668,,,,
1669,,,,
1670,,,,
1671,1.0,40500.0,39887.61,1673.0
1672,,,,
1673,1.0,41499.29,41478.82,1675.0
1674,,,,
1675,,,,
1676,,,,
1677,1.0,41751.47,41544.22,1697.0
1678,,,,
1679,1.0,43579.0,43025.96,1692.0
1680,,,,
1681,,,,
1682,1.0,46663.56,44792.99,1685.0
1683,,,,
1684,,,,
1685,,,,
1686,,,,
1687,,,,
1688,,,,
1689,,,,
1690,,,,
1691,,,,
1692,-1.0,45353.81,43900.99,1694.0
1693,,,,
1694,,,,
1695,,,,
1696,,,,
1697,-1.0,41868.0,40699.0,1699.0
1698,,,,
1699,,,,
1700,,,,
1701,,,,
1702,,,,
1703,,,,
1704,,,,
1705,,,,
1706,,,,
1707,-1.0,40820.0,40795.06,1712.0
1708,,,,
1709,,,,
1710,,,,
1711,,,,
1712,,,,
1713,,,,
1714,,,,
1715,-1.0,38881.43,38795.38,1718.0
1716,,,,
1717,,,,
1718,,,,
1719,,,,
1720,,,,
1721,-1.0,37670.0,36675.63,0.0
1722,,,,
1723,,,,
1724,-1.0,34785.0,34243.15,0.0
1725,-1.0,33713.95,32658.99,0.0
1726,,,,
1727,,,,
1728,,,,
1729,,,,
1730,,,,
1731,,,,
1732,,,,
1733,,,,
1734,,,,
1735,,,,
1736,,,,
1737,,,,
1738,,,,
1739,,,,
1740,,,,
1741,,,,
1742,,,,
1743,,,,
1744,,,,
1745,1.0,29299.62,29266.0,1750.0
1746,1.0,31200.01,29587.78,1748.0
1747,,,,
1748,-1.0,31200.01,30689.0,1750.0
1749,,,,
1750,,,,
1751,,,,
1752,,,,
1753,,,,
1754,,,,
1755,,,,
1756,,,,
1757,-1.0,29944.1,29440.41,2061.0
1758,-1.0,28850.0,28544.96,2042.0
1759,-1.0,28099.99,26895.84,2037.0
1760,-1.0,26560.0,23362.88,1796.0
1761,,,,
1762,,,,
1763,,,,
1764,,,,
1765,,,,
1766,,,,
1767,,,,
1768,,,,
1769,,,,
1770,,,,
1771,,,,
1772,,,,
1773,,,,
1774,,,,
1775,-1.0,20510.0,20432.31,1778.0
1776,-1.0,20202.01,20179.08,1778.0
1777,,,,
1778,,,,
1779,,,,
1780,,,,
1781,,,,
1782,,,,
1783,,,,
1784,1.0,21189.26,20675.22,1787.0
1785,,,,
1786,,,,
1787,-1.0,21322.12,20868.48,1791.0
1788,-1.0,20655.0,20059.42,1790.0
1789,,,,
1790,,,,
1791,1.0,20382.29,20366.61,1834.0
1792,,,,
1793,,,,
1794,,,,
1795,,,,
1796,1.0,22906.19,22777.63,1798.0
1797,,,,
1798,,,,
1799,,,,
1800,,,,
1801,,,,
1802,-1.0,22257.15,21347.82,1804.0
1803,,,,
1804,1.0,22582.13,21347.82,1812.0
1805,1.0,23414.03,23112.63,1808.0
1806,,,,
1807,,,,
1808,,,,
1809,,,,
1810,,,,
1811,,,,
1812,,,,
1813,,,,
1814,,,,
1815,,,,
1816,,,,
1817,,,,
1818,,,,
1819,,,,
1820,,,,
1821,,,,
1822,,,,
1823,,,,
1824,,,,
1825,-1.0,23671.22,23600.0,1986.0
1826,,,,
1827,-1.0,23111.04,21382.85,1829.0
1828,,,,
1829,,,,
1830,,,,
1831,,,,
1832,,,,
1833,,,,
1834,-1.0,21310.15,20402.93,1837.0
1835,,,,
1836,,,,
1837,,,,
1838,,,,
1839,,,,
1840,,,,
1841,,,,
1842,,,,
1843,,,,
1844,,,,
1845,-1.0,19633.83,19464.06,1848.0
1846,,,,
1847,,,,
1848,1.0,21111.13,19458.25,1852.0
1849,,,,
1850,,,,
1851,,,,
1852,-1.0,21538.51,20541.48,1895.0
1853,,,,
1854,,,,
1855,,,,
1856,,,,
1857,-1.0,19748.08,19686.2,1860.0
1858,,,,
1859,,,,
1860,,,,
1861,,,,
1862,,,,
1863,,,,
1864,,,,
1865,,,,
1866,,,,
1867,,,,
1868,,,,
1869,,,,
1870,,,,
1871,,,,
1872,1.0,19490.6,19395.91,1876.0
1873,1.0,19730.0,19719.1,1876.0
1874,,,,
1875,,,,
1876,-1.0,19853.0,19627.38,1883.0
1877,,,,
1878,,,,
1879,-1.0,19316.04,19268.09,1882.0
1880,,,,
1881,,,,
1882,,,,
1883,,,,
1884,,,,
1885,,,,
1886,,,,
1887,,,,
1888,,,,
1889,,,,
1890,,,,
1891,,,,
1892,,,,
1893,,,,
1894,1.0,20050.41,19601.15,1897.0
1895,,,,
1896,,,,
1897,,,,
1898,,,,
1899,,,,
1900,,,,
1901,,,,
1902,,,,
1903,,,,
1904,1.0,21080.65,20393.32,1906.0
1905,,,,
1906,-1.0,21080.65,21069.77,1975.0
1907,-1.0,20886.13,20700.88,1975.0
1908,-1.0,20384.89,18587.76,1973.0
1909,,,,
1910,,,,
1911,,,,
1912,,,,
1913,,,,
1914,,,,
1915,,,,
1916,,,,
1917,,,,
1918,,,,
1919,,,,
1920,-1.0,16553.53,16319.0,1923.0
1921,,,,
1922,,,,
1923,1.0,16458.05,16315.0,1925.0
1924,,,,
1925,,,,
1926,,,,
1927,,,,
1928,,,,
1929,,,,
1930,1.0,16855.01,16548.71,1932.0
1931,,,,
1932,,,,
1933,,,,
1934,,,,
1935,,,,
1936,,,,
1937,,,,
1938,,,,
1939,,,,
1940,,,,
1941,,,,
1942,,,,
1943,1.0,17660.94,17241.89,1945.0
1944,,,,
1945,-1.0,17660.94,17531.73,1972.0
1946,-1.0,17275.51,16796.82,1948.0
1947,,,,
1948,,,,
1949,,,,
1950,,,,
1951,,,,
1952,,,,
1953,,,,
1954,,,,
1955,,,,
1956,,,,
1957,-1.0,16791.0,16785.19,1963.0
1958,,,,
1959,,,,
1960,,,,
1961,,,,
1962,,,,
1963,,,,
1964,,,,
1965,,,,
1966,,,,
1967,1.0,16908.0,16879.82,0.0
1968,,,,
1969,1.0,17104.66,16981.91,0.0
1970,,,,
1971,,,,
1972,1.0,17892.05,17499.0,0.0
1973,1.0,18714.12,18000.0,0.0
1974,1.0,19888.05,19117.04,2030.0
1975,1.0,20551.01,20000.0,1979.0
1976,,,,
1977,,,,
1978,,,,
1979,,,,
1980,,,,
1981,1.0,22422.0,21192.0,1983.0
1982,,,,
1983,,,,
1984,,,,
1985,,,,
1986,,,,
1987,,,,
1988,,,,
1989,,,,
1990,,,,
1991,,,,
1992,,,,
1993,1.0,23363.27,23320.0,1995.0
1994,,,,
1995,,,,
1996,,,,
1997,-1.0,23253.96,23158.25,1999.0
1998,,,,
1999,,,,
2000,,,,
2001,-1.0,22665.85,21938.16,2004.0
2002,,,,
2003,,,,
2004,,,,
2005,,,,
2006,1.0,22047.28,21894.99,2023.0
2007,1.0,23505.25,22319.08,2009.0
2008,,,,
2009,,,,
2010,,,,
2011,,,,
2012,,,,
2013,,,,
2014,,,,
2015,,,,
2016,-1.0,23608.0,23219.13,2018.0
2017,,,,
2018,,,,
2019,,,,
2020,,,,
2021,,,,
2022,,,,
2023,-1.0,23195.9,22410.0,2025.0
2024,,,,
2025,,,,
2026,,,,
2027,,,,
2028,-1.0,21927.0,21834.99,2032.0
2029,-1.0,21580.0,20367.78,2031.0
2030,,,,
2031,,,,
2032,1.0,21813.88,20686.51,0.0
2033,1.0,23976.42,22150.0,2035.0
2034,,,,
2035,,,,
2036,,,,
2037,1.0,26578.0,25167.4,2047.0
2038,,,,
2039,,,,
2040,,,,
2041,,,,
2042,,,,
2043,,,,
2044,,,,
2045,,,,
2046,,,,
2047,,,,
2048,,,,
2049,1.0,27686.0,27520.0,2051.0
2050,,,,
2051,,,,
2052,,,,
2053,,,,
2054,,,,
2055,,,,
2056,,,,
2057,,,,
2058,,,,
2059,,,,
2060,1.0,28170.0,28154.99,2071.0
2061,1.0,29590.0,28530.0,2068.0
2062,,,,
2063,,,,
2064,,,,
2065,,,,
2066,,,,
2067,,,,
2068,,,,
2069,,,,
2070,-1.0,29096.78,29088.3,2077.0
2071,-1.0,28520.0,28374.02,2076.0
2072,-1.0,28010.0,27882.72,2075.0
2073,,,,
2074,,,,
2075,,,,
2076,,,,
2077,,,,
2078,,,,
2079,,,,
2080,,,,
2081,,,,
2082,-1.0,29079.59,28879.88,2084.0
2083,,,,
2084,,,,
2085,,,,
2086,,,,
2087,,,,
2088,,,,
2089,-1.0,28395.23,27818.0,2091.0
2090,,,,
2091,,,,
2092,,,,
2093,,,,
2094,,,,
2095,,,,
2096,,,,
2097,,,,
2098,,,,
2099,,,,
2100,,,,
2101,,,,
2102,,,,
2103,,,,
2104,,,,
2105,-1.0,26798.11,26631.98,2107.0
2106,,,,
2107,,,,
2108,,,,
2109,1.0,27524.6,26895.0,2112.0
2110,,,,
2111,,,,
2112,-1.0,27554.0,27350.0,2116.0
2113,,,,
2114,,,,
2115,,,,
2116,,,,
2117,,,,
2118,,,,
2119,,,,
2120,,,,
2121,,,,
2122,-1.0,26269.91,26206.88,2125.0
2123,,,,
2124,,,,
2125,,,,
2126,,,,
2127,,,,
2128,1.0,26181.0,25759.01,2190.0
2129,,,,
2130,,,,
2131,,,,
2132,1.0,28257.99,27068.09,2190.0
2133,1.0,29525.61,28402.74,2142.0
2134,,,,
2135,,,,
2136,,,,
2137,,,,
2138,,,,
2139,,,,
2140,,,,
2141,,,,
2142,,,,
2143,,,,
2144,,,,
2145,,,,
2146,,,,
2147,,,,
2148,,,,
2149,,,,
2150,,,,
2151,,,,
2152,,,,
2153,,,,
2154,,,,
2155,,,,
2156,,,,
2157,,,,
2158,,,,
2159,,,,
2160,,,,
2161,,,,
2162,,,,
2163,,,,
2164,,,,
2165,,,,
2166,-1.0,29730.0,29376.0,2168.0
2167,,,,
2168,,,,
2169,,,,
2170,,,,
2171,,,,
2172,,,,
2173,,,,
2174,,,,
2175,,,,
2176,,,,
2177,,,,
2178,,,,
2179,,,,
2180,,,,
2181,1.0,29376.67,29276.78,2183.0
2182,,,,
2183,,,,
2184,,,,
2185,,,,
2186,,,,
2187,,,,
2188,,,,
2189,-1.0,29059.6,28783.48,0.0
2190,-1.0,28723.08,26832.6,2202.0
2191,,,,
2192,,,,
2193,,,,
2194,,,,
2195,,,,
2196,,,,
2197,,,,
2198,,,,
2199,,,,
2200,,,,
2201,,,,
2202,1.0,27017.24,26253.99,2204.0
2203,,,,
2204,-1.0,27017.24,26156.0,2211.0
2205,,,,
2206,,,,
2207,,,,
2208,,,,
2209,,,,
2210,,,,
2211,,,,
2212,,,,
2213,,,,
2214,,,,
2215,,,,
2216,,,,
2217,,,,
2218,,,,
2219,,,,
2220,,,,
2221,,,,
2222,1.0,26667.79,26623.25,2225.0
2223,,,,
2224,,,,
2225,-1.0,26800.0,26743.38,2231.0
2226,,,,
2227,,,,
2228,-1.0,26509.0,26446.15,2231.0
2229,,,,
2230,,,,
2231,,,,
2232,,,,
2233,,,,
2234,,,,
2235,1.0,27281.44,27094.99,2237.0
2236,,,,
2237,,,,
2238,,,,
2239,,,,
2240,,,,
2241,,,,
2242,,,,
2243,,,,
2244,,,,
2245,-1.0,27298.0,26947.04,2247.0
2246,,,,
2247,,,,
2248,,,,
2249,,,,
