timestamp,PreviousLow
1970-01-01 00:00:01.503014400,
1970-01-01 00:00:01.503100800,
1970-01-01 00:00:01.503187200,
1970-01-01 00:00:01.503273600,
1970-01-01 00:00:01.503360000,
1970-01-01 00:00:01.503446400,
1970-01-01 00:00:01.503532800,
1970-01-01 00:00:01.503619200,
1970-01-01 00:00:01.503705600,
1970-01-01 00:00:01.503792000,
1970-01-01 00:00:01.503878400,
1970-01-01 00:00:01.503964800,
1970-01-01 00:00:01.504051200,
1970-01-01 00:00:01.504137600,
1970-01-01 00:00:01.504224000,
1970-01-01 00:00:01.504310400,
1970-01-01 00:00:01.504396800,
1970-01-01 00:00:01.504483200,
1970-01-01 00:00:01.504569600,
1970-01-01 00:00:01.504656000,
1970-01-01 00:00:01.504742400,
1970-01-01 00:00:01.504828800,
1970-01-01 00:00:01.504915200,
1970-01-01 00:00:01.505001600,
1970-01-01 00:00:01.505088000,
1970-01-01 00:00:01.505174400,
1970-01-01 00:00:01.505260800,
1970-01-01 00:00:01.505347200,
1970-01-01 00:00:01.505433600,
1970-01-01 00:00:01.505520000,
1970-01-01 00:00:01.505606400,
1970-01-01 00:00:01.505692800,
1970-01-01 00:00:01.505779200,
1970-01-01 00:00:01.505865600,
1970-01-01 00:00:01.505952000,
1970-01-01 00:00:01.506038400,
1970-01-01 00:00:01.506124800,
1970-01-01 00:00:01.506211200,
1970-01-01 00:00:01.506297600,
1970-01-01 00:00:01.506384000,
1970-01-01 00:00:01.506470400,
1970-01-01 00:00:01.506556800,
1970-01-01 00:00:01.506643200,
1970-01-01 00:00:01.506729600,
1970-01-01 00:00:01.506816000,
1970-01-01 00:00:01.506902400,
1970-01-01 00:00:01.506988800,
1970-01-01 00:00:01.507075200,
1970-01-01 00:00:01.507161600,
1970-01-01 00:00:01.507248000,
1970-01-01 00:00:01.507334400,
1970-01-01 00:00:01.507420800,
1970-01-01 00:00:01.507507200,
1970-01-01 00:00:01.507593600,
1970-01-01 00:00:01.507680000,
1970-01-01 00:00:01.507766400,
1970-01-01 00:00:01.507852800,
1970-01-01 00:00:01.507939200,
1970-01-01 00:00:01.508025600,
1970-01-01 00:00:01.508112000,
1970-01-01 00:00:01.508198400,
1970-01-01 00:00:01.508284800,
1970-01-01 00:00:01.508371200,
1970-01-01 00:00:01.508457600,
1970-01-01 00:00:01.508544000,
1970-01-01 00:00:01.508630400,
1970-01-01 00:00:01.508716800,
1970-01-01 00:00:01.508803200,
1970-01-01 00:00:01.508889600,
1970-01-01 00:00:01.508976000,
1970-01-01 00:00:01.509062400,
1970-01-01 00:00:01.509148800,
1970-01-01 00:00:01.509235200,
1970-01-01 00:00:01.509321600,
1970-01-01 00:00:01.509408000,
1970-01-01 00:00:01.509494400,
1970-01-01 00:00:01.509580800,
1970-01-01 00:00:01.509667200,
1970-01-01 00:00:01.509753600,
1970-01-01 00:00:01.509840000,
1970-01-01 00:00:01.509926400,
1970-01-01 00:00:01.510012800,
1970-01-01 00:00:01.510099200,
1970-01-01 00:00:01.510185600,
1970-01-01 00:00:01.510272000,
1970-01-01 00:00:01.510358400,
1970-01-01 00:00:01.510444800,
1970-01-01 00:00:01.510531200,
1970-01-01 00:00:01.510617600,
1970-01-01 00:00:01.510704000,
1970-01-01 00:00:01.510790400,
1970-01-01 00:00:01.510876800,
1970-01-01 00:00:01.510963200,
1970-01-01 00:00:01.511049600,
1970-01-01 00:00:01.511136000,
1970-01-01 00:00:01.511222400,
1970-01-01 00:00:01.511308800,
1970-01-01 00:00:01.511395200,
1970-01-01 00:00:01.511481600,
1970-01-01 00:00:01.511568000,
1970-01-01 00:00:01.511654400,
1970-01-01 00:00:01.511740800,
1970-01-01 00:00:01.511827200,
1970-01-01 00:00:01.511913600,
1970-01-01 00:00:01.512000000,
1970-01-01 00:00:01.512086400,
1970-01-01 00:00:01.512172800,
1970-01-01 00:00:01.512259200,
1970-01-01 00:00:01.512345600,
1970-01-01 00:00:01.512432000,
1970-01-01 00:00:01.512518400,
1970-01-01 00:00:01.512604800,
1970-01-01 00:00:01.512691200,
1970-01-01 00:00:01.512777600,
1970-01-01 00:00:01.512864000,
1970-01-01 00:00:01.512950400,
1970-01-01 00:00:01.513036800,
1970-01-01 00:00:01.513123200,
1970-01-01 00:00:01.513209600,
1970-01-01 00:00:01.513296000,
1970-01-01 00:00:01.513382400,
1970-01-01 00:00:01.513468800,
1970-01-01 00:00:01.513555200,
1970-01-01 00:00:01.513641600,
1970-01-01 00:00:01.513728000,
1970-01-01 00:00:01.513814400,
1970-01-01 00:00:01.513900800,
1970-01-01 00:00:01.513987200,
1970-01-01 00:00:01.514073600,
1970-01-01 00:00:01.514160000,
1970-01-01 00:00:01.514246400,
1970-01-01 00:00:01.514332800,
1970-01-01 00:00:01.514419200,
1970-01-01 00:00:01.514505600,
1970-01-01 00:00:01.514592000,
1970-01-01 00:00:01.514678400,
1970-01-01 00:00:01.514764800,
1970-01-01 00:00:01.514851200,
1970-01-01 00:00:01.514937600,
1970-01-01 00:00:01.515024000,
1970-01-01 00:00:01.515110400,
1970-01-01 00:00:01.515196800,
1970-01-01 00:00:01.515283200,
1970-01-01 00:00:01.515369600,
1970-01-01 00:00:01.515456000,
1970-01-01 00:00:01.515542400,
1970-01-01 00:00:01.515628800,
1970-01-01 00:00:01.515715200,
1970-01-01 00:00:01.515801600,
1970-01-01 00:00:01.515888000,
1970-01-01 00:00:01.515974400,
1970-01-01 00:00:01.516060800,
1970-01-01 00:00:01.516147200,
1970-01-01 00:00:01.516233600,
1970-01-01 00:00:01.516320000,
1970-01-01 00:00:01.516406400,
1970-01-01 00:00:01.516492800,
1970-01-01 00:00:01.516579200,
1970-01-01 00:00:01.516665600,
1970-01-01 00:00:01.516752000,
1970-01-01 00:00:01.516838400,
1970-01-01 00:00:01.516924800,
1970-01-01 00:00:01.517011200,
1970-01-01 00:00:01.517097600,
1970-01-01 00:00:01.517184000,
1970-01-01 00:00:01.517270400,
1970-01-01 00:00:01.517356800,
1970-01-01 00:00:01.517443200,
1970-01-01 00:00:01.517529600,
1970-01-01 00:00:01.517616000,
1970-01-01 00:00:01.517702400,
1970-01-01 00:00:01.517788800,
1970-01-01 00:00:01.517875200,
1970-01-01 00:00:01.517961600,
1970-01-01 00:00:01.518048000,
1970-01-01 00:00:01.518134400,
1970-01-01 00:00:01.518220800,
1970-01-01 00:00:01.518307200,
1970-01-01 00:00:01.518393600,
1970-01-01 00:00:01.518480000,
1970-01-01 00:00:01.518566400,
1970-01-01 00:00:01.518652800,
1970-01-01 00:00:01.518739200,
1970-01-01 00:00:01.518825600,
1970-01-01 00:00:01.518912000,
1970-01-01 00:00:01.518998400,
1970-01-01 00:00:01.519084800,
1970-01-01 00:00:01.519171200,
1970-01-01 00:00:01.519257600,
1970-01-01 00:00:01.519344000,
1970-01-01 00:00:01.519430400,
1970-01-01 00:00:01.519516800,
1970-01-01 00:00:01.519603200,
1970-01-01 00:00:01.519689600,
1970-01-01 00:00:01.519776000,
1970-01-01 00:00:01.519862400,
1970-01-01 00:00:01.519948800,
1970-01-01 00:00:01.520035200,
1970-01-01 00:00:01.520121600,
1970-01-01 00:00:01.520208000,
1970-01-01 00:00:01.520294400,
1970-01-01 00:00:01.520380800,
1970-01-01 00:00:01.520467200,
1970-01-01 00:00:01.520553600,
1970-01-01 00:00:01.520640000,
1970-01-01 00:00:01.520726400,
1970-01-01 00:00:01.520812800,
1970-01-01 00:00:01.520899200,
1970-01-01 00:00:01.520985600,
1970-01-01 00:00:01.521072000,
1970-01-01 00:00:01.521158400,
1970-01-01 00:00:01.521244800,
1970-01-01 00:00:01.521331200,
1970-01-01 00:00:01.521417600,
1970-01-01 00:00:01.521504000,
1970-01-01 00:00:01.521590400,
1970-01-01 00:00:01.521676800,
1970-01-01 00:00:01.521763200,
1970-01-01 00:00:01.521849600,
1970-01-01 00:00:01.521936000,
1970-01-01 00:00:01.522022400,
1970-01-01 00:00:01.522108800,
1970-01-01 00:00:01.522195200,
1970-01-01 00:00:01.522281600,
1970-01-01 00:00:01.522368000,
1970-01-01 00:00:01.522454400,
1970-01-01 00:00:01.522540800,
1970-01-01 00:00:01.522627200,
1970-01-01 00:00:01.522713600,
1970-01-01 00:00:01.522800000,
1970-01-01 00:00:01.522886400,
1970-01-01 00:00:01.522972800,
1970-01-01 00:00:01.523059200,
1970-01-01 00:00:01.523145600,
1970-01-01 00:00:01.523232000,
1970-01-01 00:00:01.523318400,
1970-01-01 00:00:01.523404800,
1970-01-01 00:00:01.523491200,
1970-01-01 00:00:01.523577600,
1970-01-01 00:00:01.523664000,
1970-01-01 00:00:01.523750400,
1970-01-01 00:00:01.523836800,
1970-01-01 00:00:01.523923200,
1970-01-01 00:00:01.524009600,
1970-01-01 00:00:01.524096000,
1970-01-01 00:00:01.524182400,
1970-01-01 00:00:01.524268800,
1970-01-01 00:00:01.524355200,
1970-01-01 00:00:01.524441600,
1970-01-01 00:00:01.524528000,
1970-01-01 00:00:01.524614400,
1970-01-01 00:00:01.524700800,
1970-01-01 00:00:01.524787200,
1970-01-01 00:00:01.524873600,
1970-01-01 00:00:01.524960000,
1970-01-01 00:00:01.525046400,
1970-01-01 00:00:01.525132800,
1970-01-01 00:00:01.525219200,
1970-01-01 00:00:01.525305600,
1970-01-01 00:00:01.525392000,
1970-01-01 00:00:01.525478400,
1970-01-01 00:00:01.525564800,
1970-01-01 00:00:01.525651200,
1970-01-01 00:00:01.525737600,
1970-01-01 00:00:01.525824000,
1970-01-01 00:00:01.525910400,
1970-01-01 00:00:01.525996800,
1970-01-01 00:00:01.526083200,
1970-01-01 00:00:01.526169600,
1970-01-01 00:00:01.526256000,
1970-01-01 00:00:01.526342400,
1970-01-01 00:00:01.526428800,
1970-01-01 00:00:01.526515200,
1970-01-01 00:00:01.526601600,
1970-01-01 00:00:01.526688000,
1970-01-01 00:00:01.526774400,
1970-01-01 00:00:01.526860800,
1970-01-01 00:00:01.526947200,
1970-01-01 00:00:01.527033600,
1970-01-01 00:00:01.527120000,
1970-01-01 00:00:01.527206400,
1970-01-01 00:00:01.527292800,
1970-01-01 00:00:01.527379200,
1970-01-01 00:00:01.527465600,
1970-01-01 00:00:01.527552000,
1970-01-01 00:00:01.527638400,
1970-01-01 00:00:01.527724800,
1970-01-01 00:00:01.527811200,
1970-01-01 00:00:01.527897600,
1970-01-01 00:00:01.527984000,
1970-01-01 00:00:01.528070400,
1970-01-01 00:00:01.528156800,
1970-01-01 00:00:01.528243200,
1970-01-01 00:00:01.528329600,
1970-01-01 00:00:01.528416000,
1970-01-01 00:00:01.528502400,
1970-01-01 00:00:01.528588800,
1970-01-01 00:00:01.528675200,
1970-01-01 00:00:01.528761600,
1970-01-01 00:00:01.528848000,
1970-01-01 00:00:01.528934400,
1970-01-01 00:00:01.529020800,
1970-01-01 00:00:01.529107200,
1970-01-01 00:00:01.529193600,
1970-01-01 00:00:01.529280000,
1970-01-01 00:00:01.529366400,
1970-01-01 00:00:01.529452800,
1970-01-01 00:00:01.529539200,
1970-01-01 00:00:01.529625600,
1970-01-01 00:00:01.529712000,
1970-01-01 00:00:01.529798400,
1970-01-01 00:00:01.529884800,
1970-01-01 00:00:01.529971200,
1970-01-01 00:00:01.530057600,
1970-01-01 00:00:01.530144000,
1970-01-01 00:00:01.530230400,
1970-01-01 00:00:01.530316800,
1970-01-01 00:00:01.530403200,
1970-01-01 00:00:01.530489600,
1970-01-01 00:00:01.530576000,
1970-01-01 00:00:01.530662400,
1970-01-01 00:00:01.530748800,
1970-01-01 00:00:01.530835200,
1970-01-01 00:00:01.530921600,
1970-01-01 00:00:01.531008000,
1970-01-01 00:00:01.531094400,
1970-01-01 00:00:01.531180800,
1970-01-01 00:00:01.531267200,
1970-01-01 00:00:01.531353600,
1970-01-01 00:00:01.531440000,
1970-01-01 00:00:01.531526400,
1970-01-01 00:00:01.531612800,
1970-01-01 00:00:01.531699200,
1970-01-01 00:00:01.531785600,
1970-01-01 00:00:01.531872000,
1970-01-01 00:00:01.531958400,
1970-01-01 00:00:01.532044800,
1970-01-01 00:00:01.532131200,
1970-01-01 00:00:01.532217600,
1970-01-01 00:00:01.532304000,
1970-01-01 00:00:01.532390400,
1970-01-01 00:00:01.532476800,
1970-01-01 00:00:01.532563200,
1970-01-01 00:00:01.532649600,
1970-01-01 00:00:01.532736000,
1970-01-01 00:00:01.532822400,
1970-01-01 00:00:01.532908800,
1970-01-01 00:00:01.532995200,
1970-01-01 00:00:01.533081600,
1970-01-01 00:00:01.533168000,
1970-01-01 00:00:01.533254400,
1970-01-01 00:00:01.533340800,
1970-01-01 00:00:01.533427200,
1970-01-01 00:00:01.533513600,
1970-01-01 00:00:01.533600000,
1970-01-01 00:00:01.533686400,
1970-01-01 00:00:01.533772800,
1970-01-01 00:00:01.533859200,
1970-01-01 00:00:01.533945600,
1970-01-01 00:00:01.534032000,
1970-01-01 00:00:01.534118400,
1970-01-01 00:00:01.534204800,
1970-01-01 00:00:01.534291200,
1970-01-01 00:00:01.534377600,
1970-01-01 00:00:01.534464000,
1970-01-01 00:00:01.534550400,
1970-01-01 00:00:01.534636800,
1970-01-01 00:00:01.534723200,
1970-01-01 00:00:01.534809600,
1970-01-01 00:00:01.534896000,
1970-01-01 00:00:01.534982400,
1970-01-01 00:00:01.535068800,
1970-01-01 00:00:01.535155200,
1970-01-01 00:00:01.535241600,
1970-01-01 00:00:01.535328000,
1970-01-01 00:00:01.535414400,
1970-01-01 00:00:01.535500800,
1970-01-01 00:00:01.535587200,
1970-01-01 00:00:01.535673600,
1970-01-01 00:00:01.535760000,
1970-01-01 00:00:01.535846400,
1970-01-01 00:00:01.535932800,
1970-01-01 00:00:01.536019200,
1970-01-01 00:00:01.536105600,
1970-01-01 00:00:01.536192000,
1970-01-01 00:00:01.536278400,
1970-01-01 00:00:01.536364800,
1970-01-01 00:00:01.536451200,
1970-01-01 00:00:01.536537600,
1970-01-01 00:00:01.536624000,
1970-01-01 00:00:01.536710400,
1970-01-01 00:00:01.536796800,
1970-01-01 00:00:01.536883200,
1970-01-01 00:00:01.536969600,
1970-01-01 00:00:01.537056000,
1970-01-01 00:00:01.537142400,
1970-01-01 00:00:01.537228800,
1970-01-01 00:00:01.537315200,
1970-01-01 00:00:01.537401600,
1970-01-01 00:00:01.537488000,
1970-01-01 00:00:01.537574400,
1970-01-01 00:00:01.537660800,
1970-01-01 00:00:01.537747200,
1970-01-01 00:00:01.537833600,
1970-01-01 00:00:01.537920000,
1970-01-01 00:00:01.538006400,
1970-01-01 00:00:01.538092800,
1970-01-01 00:00:01.538179200,
1970-01-01 00:00:01.538265600,
1970-01-01 00:00:01.538352000,
1970-01-01 00:00:01.538438400,
1970-01-01 00:00:01.538524800,
1970-01-01 00:00:01.538611200,
1970-01-01 00:00:01.538697600,
1970-01-01 00:00:01.538784000,
1970-01-01 00:00:01.538870400,
1970-01-01 00:00:01.538956800,
1970-01-01 00:00:01.539043200,
1970-01-01 00:00:01.539129600,
1970-01-01 00:00:01.539216000,
1970-01-01 00:00:01.539302400,
1970-01-01 00:00:01.539388800,
1970-01-01 00:00:01.539475200,
1970-01-01 00:00:01.539561600,
1970-01-01 00:00:01.539648000,
1970-01-01 00:00:01.539734400,
1970-01-01 00:00:01.539820800,
1970-01-01 00:00:01.539907200,
1970-01-01 00:00:01.539993600,
1970-01-01 00:00:01.540080000,
1970-01-01 00:00:01.540166400,
1970-01-01 00:00:01.540252800,
1970-01-01 00:00:01.540339200,
1970-01-01 00:00:01.540425600,
1970-01-01 00:00:01.540512000,
1970-01-01 00:00:01.540598400,
1970-01-01 00:00:01.540684800,
1970-01-01 00:00:01.540771200,
1970-01-01 00:00:01.540857600,
1970-01-01 00:00:01.540944000,
1970-01-01 00:00:01.541030400,
1970-01-01 00:00:01.541116800,
1970-01-01 00:00:01.541203200,
1970-01-01 00:00:01.541289600,
1970-01-01 00:00:01.541376000,
1970-01-01 00:00:01.541462400,
1970-01-01 00:00:01.541548800,
1970-01-01 00:00:01.541635200,
1970-01-01 00:00:01.541721600,
1970-01-01 00:00:01.541808000,
1970-01-01 00:00:01.541894400,
1970-01-01 00:00:01.541980800,
1970-01-01 00:00:01.542067200,
1970-01-01 00:00:01.542153600,
1970-01-01 00:00:01.542240000,
1970-01-01 00:00:01.542326400,
1970-01-01 00:00:01.542412800,
1970-01-01 00:00:01.542499200,
1970-01-01 00:00:01.542585600,
1970-01-01 00:00:01.542672000,
1970-01-01 00:00:01.542758400,
1970-01-01 00:00:01.542844800,
1970-01-01 00:00:01.542931200,
1970-01-01 00:00:01.543017600,
1970-01-01 00:00:01.543104000,
1970-01-01 00:00:01.543190400,
1970-01-01 00:00:01.543276800,
1970-01-01 00:00:01.543363200,
1970-01-01 00:00:01.543449600,
1970-01-01 00:00:01.543536000,
1970-01-01 00:00:01.543622400,
1970-01-01 00:00:01.543708800,
1970-01-01 00:00:01.543795200,
1970-01-01 00:00:01.543881600,
1970-01-01 00:00:01.543968000,
1970-01-01 00:00:01.544054400,
1970-01-01 00:00:01.544140800,
1970-01-01 00:00:01.544227200,
1970-01-01 00:00:01.544313600,
1970-01-01 00:00:01.544400000,
1970-01-01 00:00:01.544486400,
1970-01-01 00:00:01.544572800,
1970-01-01 00:00:01.544659200,
1970-01-01 00:00:01.544745600,
1970-01-01 00:00:01.544832000,
1970-01-01 00:00:01.544918400,
1970-01-01 00:00:01.545004800,
1970-01-01 00:00:01.545091200,
1970-01-01 00:00:01.545177600,
1970-01-01 00:00:01.545264000,
1970-01-01 00:00:01.545350400,
1970-01-01 00:00:01.545436800,
1970-01-01 00:00:01.545523200,
1970-01-01 00:00:01.545609600,
1970-01-01 00:00:01.545696000,
1970-01-01 00:00:01.545782400,
1970-01-01 00:00:01.545868800,
1970-01-01 00:00:01.545955200,
1970-01-01 00:00:01.546041600,
1970-01-01 00:00:01.546128000,
1970-01-01 00:00:01.546214400,
1970-01-01 00:00:01.546300800,
1970-01-01 00:00:01.546387200,
1970-01-01 00:00:01.546473600,
1970-01-01 00:00:01.546560000,
1970-01-01 00:00:01.546646400,
1970-01-01 00:00:01.546732800,
1970-01-01 00:00:01.546819200,
1970-01-01 00:00:01.546905600,
1970-01-01 00:00:01.546992000,
1970-01-01 00:00:01.547078400,
1970-01-01 00:00:01.547164800,
1970-01-01 00:00:01.547251200,
1970-01-01 00:00:01.547337600,
1970-01-01 00:00:01.547424000,
1970-01-01 00:00:01.547510400,
1970-01-01 00:00:01.547596800,
1970-01-01 00:00:01.547683200,
1970-01-01 00:00:01.547769600,
1970-01-01 00:00:01.547856000,
1970-01-01 00:00:01.547942400,
1970-01-01 00:00:01.548028800,
1970-01-01 00:00:01.548115200,
1970-01-01 00:00:01.548201600,
1970-01-01 00:00:01.548288000,
1970-01-01 00:00:01.548374400,
1970-01-01 00:00:01.548460800,
1970-01-01 00:00:01.548547200,
1970-01-01 00:00:01.548633600,
1970-01-01 00:00:01.548720000,
1970-01-01 00:00:01.548806400,
1970-01-01 00:00:01.548892800,
1970-01-01 00:00:01.548979200,
1970-01-01 00:00:01.549065600,
1970-01-01 00:00:01.549152000,
1970-01-01 00:00:01.549238400,
1970-01-01 00:00:01.549324800,
1970-01-01 00:00:01.549411200,
1970-01-01 00:00:01.549497600,
1970-01-01 00:00:01.549584000,
1970-01-01 00:00:01.549670400,
1970-01-01 00:00:01.549756800,
1970-01-01 00:00:01.549843200,
1970-01-01 00:00:01.549929600,
1970-01-01 00:00:01.550016000,
1970-01-01 00:00:01.550102400,
1970-01-01 00:00:01.550188800,
1970-01-01 00:00:01.550275200,
1970-01-01 00:00:01.550361600,
1970-01-01 00:00:01.550448000,
1970-01-01 00:00:01.550534400,
1970-01-01 00:00:01.550620800,
1970-01-01 00:00:01.550707200,
1970-01-01 00:00:01.550793600,
1970-01-01 00:00:01.550880000,
1970-01-01 00:00:01.550966400,
1970-01-01 00:00:01.551052800,
1970-01-01 00:00:01.551139200,
1970-01-01 00:00:01.551225600,
1970-01-01 00:00:01.551312000,
1970-01-01 00:00:01.551398400,
1970-01-01 00:00:01.551484800,
1970-01-01 00:00:01.551571200,
1970-01-01 00:00:01.551657600,
1970-01-01 00:00:01.551744000,
1970-01-01 00:00:01.551830400,
1970-01-01 00:00:01.551916800,
1970-01-01 00:00:01.552003200,
1970-01-01 00:00:01.552089600,
1970-01-01 00:00:01.552176000,
1970-01-01 00:00:01.552262400,
1970-01-01 00:00:01.552348800,
1970-01-01 00:00:01.552435200,
1970-01-01 00:00:01.552521600,
1970-01-01 00:00:01.552608000,
1970-01-01 00:00:01.552694400,
1970-01-01 00:00:01.552780800,
1970-01-01 00:00:01.552867200,
1970-01-01 00:00:01.552953600,
1970-01-01 00:00:01.553040000,
1970-01-01 00:00:01.553126400,
1970-01-01 00:00:01.553212800,
1970-01-01 00:00:01.553299200,
1970-01-01 00:00:01.553385600,
1970-01-01 00:00:01.553472000,
1970-01-01 00:00:01.553558400,
1970-01-01 00:00:01.553644800,
1970-01-01 00:00:01.553731200,
1970-01-01 00:00:01.553817600,
1970-01-01 00:00:01.553904000,
1970-01-01 00:00:01.553990400,
1970-01-01 00:00:01.554076800,
1970-01-01 00:00:01.554163200,
1970-01-01 00:00:01.554249600,
1970-01-01 00:00:01.554336000,
1970-01-01 00:00:01.554422400,
1970-01-01 00:00:01.554508800,
1970-01-01 00:00:01.554595200,
1970-01-01 00:00:01.554681600,
1970-01-01 00:00:01.554768000,
1970-01-01 00:00:01.554854400,
1970-01-01 00:00:01.554940800,
1970-01-01 00:00:01.555027200,
1970-01-01 00:00:01.555113600,
1970-01-01 00:00:01.555200000,
1970-01-01 00:00:01.555286400,
1970-01-01 00:00:01.555372800,
1970-01-01 00:00:01.555459200,
1970-01-01 00:00:01.555545600,
1970-01-01 00:00:01.555632000,
1970-01-01 00:00:01.555718400,
1970-01-01 00:00:01.555804800,
1970-01-01 00:00:01.555891200,
1970-01-01 00:00:01.555977600,
1970-01-01 00:00:01.556064000,
1970-01-01 00:00:01.556150400,
1970-01-01 00:00:01.556236800,
1970-01-01 00:00:01.556323200,
1970-01-01 00:00:01.556409600,
1970-01-01 00:00:01.556496000,
1970-01-01 00:00:01.556582400,
1970-01-01 00:00:01.556668800,
1970-01-01 00:00:01.556755200,
1970-01-01 00:00:01.556841600,
1970-01-01 00:00:01.556928000,
1970-01-01 00:00:01.557014400,
1970-01-01 00:00:01.557100800,
1970-01-01 00:00:01.557187200,
1970-01-01 00:00:01.557273600,
1970-01-01 00:00:01.557360000,
1970-01-01 00:00:01.557446400,
1970-01-01 00:00:01.557532800,
1970-01-01 00:00:01.557619200,
1970-01-01 00:00:01.557705600,
1970-01-01 00:00:01.557792000,
1970-01-01 00:00:01.557878400,
1970-01-01 00:00:01.557964800,
1970-01-01 00:00:01.558051200,
1970-01-01 00:00:01.558137600,
1970-01-01 00:00:01.558224000,
1970-01-01 00:00:01.558310400,
1970-01-01 00:00:01.558396800,
1970-01-01 00:00:01.558483200,
1970-01-01 00:00:01.558569600,
1970-01-01 00:00:01.558656000,
1970-01-01 00:00:01.558742400,
1970-01-01 00:00:01.558828800,
1970-01-01 00:00:01.558915200,
1970-01-01 00:00:01.559001600,
1970-01-01 00:00:01.559088000,
1970-01-01 00:00:01.559174400,
1970-01-01 00:00:01.559260800,
1970-01-01 00:00:01.559347200,
1970-01-01 00:00:01.559433600,
1970-01-01 00:00:01.559520000,
1970-01-01 00:00:01.559606400,
1970-01-01 00:00:01.559692800,
1970-01-01 00:00:01.559779200,
1970-01-01 00:00:01.559865600,
1970-01-01 00:00:01.559952000,
1970-01-01 00:00:01.560038400,
1970-01-01 00:00:01.560124800,
1970-01-01 00:00:01.560211200,
1970-01-01 00:00:01.560297600,
1970-01-01 00:00:01.560384000,
1970-01-01 00:00:01.560470400,
1970-01-01 00:00:01.560556800,
1970-01-01 00:00:01.560643200,
1970-01-01 00:00:01.560729600,
1970-01-01 00:00:01.560816000,
1970-01-01 00:00:01.560902400,
1970-01-01 00:00:01.560988800,
1970-01-01 00:00:01.561075200,
1970-01-01 00:00:01.561161600,
1970-01-01 00:00:01.561248000,
1970-01-01 00:00:01.561334400,
1970-01-01 00:00:01.561420800,
1970-01-01 00:00:01.561507200,
1970-01-01 00:00:01.561593600,
1970-01-01 00:00:01.561680000,
1970-01-01 00:00:01.561766400,
1970-01-01 00:00:01.561852800,
1970-01-01 00:00:01.561939200,
1970-01-01 00:00:01.562025600,
1970-01-01 00:00:01.562112000,
1970-01-01 00:00:01.562198400,
1970-01-01 00:00:01.562284800,
1970-01-01 00:00:01.562371200,
1970-01-01 00:00:01.562457600,
1970-01-01 00:00:01.562544000,
1970-01-01 00:00:01.562630400,
1970-01-01 00:00:01.562716800,
1970-01-01 00:00:01.562803200,
1970-01-01 00:00:01.562889600,
1970-01-01 00:00:01.562976000,
1970-01-01 00:00:01.563062400,
1970-01-01 00:00:01.563148800,
1970-01-01 00:00:01.563235200,
1970-01-01 00:00:01.563321600,
1970-01-01 00:00:01.563408000,
1970-01-01 00:00:01.563494400,
1970-01-01 00:00:01.563580800,
1970-01-01 00:00:01.563667200,
1970-01-01 00:00:01.563753600,
1970-01-01 00:00:01.563840000,
1970-01-01 00:00:01.563926400,
1970-01-01 00:00:01.564012800,
1970-01-01 00:00:01.564099200,
1970-01-01 00:00:01.564185600,
1970-01-01 00:00:01.564272000,
1970-01-01 00:00:01.564358400,
1970-01-01 00:00:01.564444800,
1970-01-01 00:00:01.564531200,
1970-01-01 00:00:01.564617600,
1970-01-01 00:00:01.564704000,
1970-01-01 00:00:01.564790400,
1970-01-01 00:00:01.564876800,
1970-01-01 00:00:01.564963200,
1970-01-01 00:00:01.565049600,
1970-01-01 00:00:01.565136000,
1970-01-01 00:00:01.565222400,
1970-01-01 00:00:01.565308800,
1970-01-01 00:00:01.565395200,
1970-01-01 00:00:01.565481600,
1970-01-01 00:00:01.565568000,
1970-01-01 00:00:01.565654400,
1970-01-01 00:00:01.565740800,
1970-01-01 00:00:01.565827200,
1970-01-01 00:00:01.565913600,
1970-01-01 00:00:01.566000000,
1970-01-01 00:00:01.566086400,
1970-01-01 00:00:01.566172800,
1970-01-01 00:00:01.566259200,
1970-01-01 00:00:01.566345600,
1970-01-01 00:00:01.566432000,
1970-01-01 00:00:01.566518400,
1970-01-01 00:00:01.566604800,
1970-01-01 00:00:01.566691200,
1970-01-01 00:00:01.566777600,
1970-01-01 00:00:01.566864000,
1970-01-01 00:00:01.566950400,
1970-01-01 00:00:01.567036800,
1970-01-01 00:00:01.567123200,
1970-01-01 00:00:01.567209600,
1970-01-01 00:00:01.567296000,
1970-01-01 00:00:01.567382400,
1970-01-01 00:00:01.567468800,
1970-01-01 00:00:01.567555200,
1970-01-01 00:00:01.567641600,
1970-01-01 00:00:01.567728000,
1970-01-01 00:00:01.567814400,
1970-01-01 00:00:01.567900800,
1970-01-01 00:00:01.567987200,
1970-01-01 00:00:01.568073600,
1970-01-01 00:00:01.568160000,
1970-01-01 00:00:01.568246400,
1970-01-01 00:00:01.568332800,
1970-01-01 00:00:01.568419200,
1970-01-01 00:00:01.568505600,
1970-01-01 00:00:01.568592000,
1970-01-01 00:00:01.568678400,
1970-01-01 00:00:01.568764800,
1970-01-01 00:00:01.568851200,
1970-01-01 00:00:01.568937600,
1970-01-01 00:00:01.569024000,
1970-01-01 00:00:01.569110400,
1970-01-01 00:00:01.569196800,
1970-01-01 00:00:01.569283200,
1970-01-01 00:00:01.569369600,
1970-01-01 00:00:01.569456000,
1970-01-01 00:00:01.569542400,
1970-01-01 00:00:01.569628800,
1970-01-01 00:00:01.569715200,
1970-01-01 00:00:01.569801600,
1970-01-01 00:00:01.569888000,
1970-01-01 00:00:01.569974400,
1970-01-01 00:00:01.570060800,
1970-01-01 00:00:01.570147200,
1970-01-01 00:00:01.570233600,
1970-01-01 00:00:01.570320000,
1970-01-01 00:00:01.570406400,
1970-01-01 00:00:01.570492800,
1970-01-01 00:00:01.570579200,
1970-01-01 00:00:01.570665600,
1970-01-01 00:00:01.570752000,
1970-01-01 00:00:01.570838400,
1970-01-01 00:00:01.570924800,
1970-01-01 00:00:01.571011200,
1970-01-01 00:00:01.571097600,
1970-01-01 00:00:01.571184000,
1970-01-01 00:00:01.571270400,
1970-01-01 00:00:01.571356800,
1970-01-01 00:00:01.571443200,
1970-01-01 00:00:01.571529600,
1970-01-01 00:00:01.571616000,
1970-01-01 00:00:01.571702400,
1970-01-01 00:00:01.571788800,
1970-01-01 00:00:01.571875200,
1970-01-01 00:00:01.571961600,
1970-01-01 00:00:01.572048000,
1970-01-01 00:00:01.572134400,
1970-01-01 00:00:01.572220800,
1970-01-01 00:00:01.572307200,
1970-01-01 00:00:01.572393600,
1970-01-01 00:00:01.572480000,
1970-01-01 00:00:01.572566400,
1970-01-01 00:00:01.572652800,
1970-01-01 00:00:01.572739200,
1970-01-01 00:00:01.572825600,
1970-01-01 00:00:01.572912000,
1970-01-01 00:00:01.572998400,
1970-01-01 00:00:01.573084800,
1970-01-01 00:00:01.573171200,
1970-01-01 00:00:01.573257600,
1970-01-01 00:00:01.573344000,
1970-01-01 00:00:01.573430400,
1970-01-01 00:00:01.573516800,
1970-01-01 00:00:01.573603200,
1970-01-01 00:00:01.573689600,
1970-01-01 00:00:01.573776000,
1970-01-01 00:00:01.573862400,
1970-01-01 00:00:01.573948800,
1970-01-01 00:00:01.574035200,
1970-01-01 00:00:01.574121600,
1970-01-01 00:00:01.574208000,
1970-01-01 00:00:01.574294400,
1970-01-01 00:00:01.574380800,
1970-01-01 00:00:01.574467200,
1970-01-01 00:00:01.574553600,
1970-01-01 00:00:01.574640000,
1970-01-01 00:00:01.574726400,
1970-01-01 00:00:01.574812800,
1970-01-01 00:00:01.574899200,
1970-01-01 00:00:01.574985600,
1970-01-01 00:00:01.575072000,
1970-01-01 00:00:01.575158400,
1970-01-01 00:00:01.575244800,
1970-01-01 00:00:01.575331200,
1970-01-01 00:00:01.575417600,
1970-01-01 00:00:01.575504000,
1970-01-01 00:00:01.575590400,
1970-01-01 00:00:01.575676800,
1970-01-01 00:00:01.575763200,
1970-01-01 00:00:01.575849600,
1970-01-01 00:00:01.575936000,
1970-01-01 00:00:01.576022400,
1970-01-01 00:00:01.576108800,
1970-01-01 00:00:01.576195200,
1970-01-01 00:00:01.576281600,
1970-01-01 00:00:01.576368000,
1970-01-01 00:00:01.576454400,
1970-01-01 00:00:01.576540800,
1970-01-01 00:00:01.576627200,
1970-01-01 00:00:01.576713600,
1970-01-01 00:00:01.576800000,
1970-01-01 00:00:01.576886400,
1970-01-01 00:00:01.576972800,
1970-01-01 00:00:01.577059200,
1970-01-01 00:00:01.577145600,
1970-01-01 00:00:01.577232000,
1970-01-01 00:00:01.577318400,
1970-01-01 00:00:01.577404800,
1970-01-01 00:00:01.577491200,
1970-01-01 00:00:01.577577600,
1970-01-01 00:00:01.577664000,
1970-01-01 00:00:01.577750400,
1970-01-01 00:00:01.577836800,
1970-01-01 00:00:01.577923200,
1970-01-01 00:00:01.578009600,
1970-01-01 00:00:01.578096000,
1970-01-01 00:00:01.578182400,
1970-01-01 00:00:01.578268800,
1970-01-01 00:00:01.578355200,
1970-01-01 00:00:01.578441600,
1970-01-01 00:00:01.578528000,
1970-01-01 00:00:01.578614400,
1970-01-01 00:00:01.578700800,
1970-01-01 00:00:01.578787200,
1970-01-01 00:00:01.578873600,
1970-01-01 00:00:01.578960000,
1970-01-01 00:00:01.579046400,
1970-01-01 00:00:01.579132800,
1970-01-01 00:00:01.579219200,
1970-01-01 00:00:01.579305600,
1970-01-01 00:00:01.579392000,
1970-01-01 00:00:01.579478400,
1970-01-01 00:00:01.579564800,
1970-01-01 00:00:01.579651200,
1970-01-01 00:00:01.579737600,
1970-01-01 00:00:01.579824000,
1970-01-01 00:00:01.579910400,
1970-01-01 00:00:01.579996800,
1970-01-01 00:00:01.580083200,
1970-01-01 00:00:01.580169600,
1970-01-01 00:00:01.580256000,
1970-01-01 00:00:01.580342400,
1970-01-01 00:00:01.580428800,
1970-01-01 00:00:01.580515200,
1970-01-01 00:00:01.580601600,
1970-01-01 00:00:01.580688000,
1970-01-01 00:00:01.580774400,
1970-01-01 00:00:01.580860800,
1970-01-01 00:00:01.580947200,
1970-01-01 00:00:01.581033600,
1970-01-01 00:00:01.581120000,
1970-01-01 00:00:01.581206400,
1970-01-01 00:00:01.581292800,
1970-01-01 00:00:01.581379200,
1970-01-01 00:00:01.581465600,
1970-01-01 00:00:01.581552000,
1970-01-01 00:00:01.581638400,
1970-01-01 00:00:01.581724800,
1970-01-01 00:00:01.581811200,
1970-01-01 00:00:01.581897600,
1970-01-01 00:00:01.581984000,
1970-01-01 00:00:01.582070400,
1970-01-01 00:00:01.582156800,
1970-01-01 00:00:01.582243200,
1970-01-01 00:00:01.582329600,
1970-01-01 00:00:01.582416000,
1970-01-01 00:00:01.582502400,
1970-01-01 00:00:01.582588800,
1970-01-01 00:00:01.582675200,
1970-01-01 00:00:01.582761600,
1970-01-01 00:00:01.582848000,
1970-01-01 00:00:01.582934400,
1970-01-01 00:00:01.583020800,
1970-01-01 00:00:01.583107200,
1970-01-01 00:00:01.583193600,
1970-01-01 00:00:01.583280000,
1970-01-01 00:00:01.583366400,
1970-01-01 00:00:01.583452800,
1970-01-01 00:00:01.583539200,
1970-01-01 00:00:01.583625600,
1970-01-01 00:00:01.583712000,
1970-01-01 00:00:01.583798400,
1970-01-01 00:00:01.583884800,
1970-01-01 00:00:01.583971200,
1970-01-01 00:00:01.584057600,
1970-01-01 00:00:01.584144000,
1970-01-01 00:00:01.584230400,
1970-01-01 00:00:01.584316800,
1970-01-01 00:00:01.584403200,
1970-01-01 00:00:01.584489600,
1970-01-01 00:00:01.584576000,
1970-01-01 00:00:01.584662400,
1970-01-01 00:00:01.584748800,
1970-01-01 00:00:01.584835200,
1970-01-01 00:00:01.584921600,
1970-01-01 00:00:01.585008000,
1970-01-01 00:00:01.585094400,
1970-01-01 00:00:01.585180800,
1970-01-01 00:00:01.585267200,
1970-01-01 00:00:01.585353600,
1970-01-01 00:00:01.585440000,
1970-01-01 00:00:01.585526400,
1970-01-01 00:00:01.585612800,
1970-01-01 00:00:01.585699200,
1970-01-01 00:00:01.585785600,
1970-01-01 00:00:01.585872000,
1970-01-01 00:00:01.585958400,
1970-01-01 00:00:01.586044800,
1970-01-01 00:00:01.586131200,
1970-01-01 00:00:01.586217600,
1970-01-01 00:00:01.586304000,
1970-01-01 00:00:01.586390400,
1970-01-01 00:00:01.586476800,
1970-01-01 00:00:01.586563200,
1970-01-01 00:00:01.586649600,
1970-01-01 00:00:01.586736000,
1970-01-01 00:00:01.586822400,
1970-01-01 00:00:01.586908800,
1970-01-01 00:00:01.586995200,
1970-01-01 00:00:01.587081600,
1970-01-01 00:00:01.587168000,
1970-01-01 00:00:01.587254400,
1970-01-01 00:00:01.587340800,
1970-01-01 00:00:01.587427200,
1970-01-01 00:00:01.587513600,
1970-01-01 00:00:01.587600000,
1970-01-01 00:00:01.587686400,
1970-01-01 00:00:01.587772800,
1970-01-01 00:00:01.587859200,
1970-01-01 00:00:01.587945600,
1970-01-01 00:00:01.588032000,
1970-01-01 00:00:01.588118400,
1970-01-01 00:00:01.588204800,
1970-01-01 00:00:01.588291200,
1970-01-01 00:00:01.588377600,
1970-01-01 00:00:01.588464000,
1970-01-01 00:00:01.588550400,
1970-01-01 00:00:01.588636800,
1970-01-01 00:00:01.588723200,
1970-01-01 00:00:01.588809600,
1970-01-01 00:00:01.588896000,
1970-01-01 00:00:01.588982400,
1970-01-01 00:00:01.589068800,
1970-01-01 00:00:01.589155200,
1970-01-01 00:00:01.589241600,
1970-01-01 00:00:01.589328000,
1970-01-01 00:00:01.589414400,
1970-01-01 00:00:01.589500800,
1970-01-01 00:00:01.589587200,
1970-01-01 00:00:01.589673600,
1970-01-01 00:00:01.589760000,
1970-01-01 00:00:01.589846400,
1970-01-01 00:00:01.589932800,
1970-01-01 00:00:01.590019200,
1970-01-01 00:00:01.590105600,
1970-01-01 00:00:01.590192000,
1970-01-01 00:00:01.590278400,
1970-01-01 00:00:01.590364800,
1970-01-01 00:00:01.590451200,
1970-01-01 00:00:01.590537600,
1970-01-01 00:00:01.590624000,
1970-01-01 00:00:01.590710400,
1970-01-01 00:00:01.590796800,
1970-01-01 00:00:01.590883200,
1970-01-01 00:00:01.590969600,
1970-01-01 00:00:01.591056000,
1970-01-01 00:00:01.591142400,
1970-01-01 00:00:01.591228800,
1970-01-01 00:00:01.591315200,
1970-01-01 00:00:01.591401600,
1970-01-01 00:00:01.591488000,
1970-01-01 00:00:01.591574400,
1970-01-01 00:00:01.591660800,
1970-01-01 00:00:01.591747200,
1970-01-01 00:00:01.591833600,
1970-01-01 00:00:01.591920000,
1970-01-01 00:00:01.592006400,
1970-01-01 00:00:01.592092800,
1970-01-01 00:00:01.592179200,
1970-01-01 00:00:01.592265600,
1970-01-01 00:00:01.592352000,
1970-01-01 00:00:01.592438400,
1970-01-01 00:00:01.592524800,
1970-01-01 00:00:01.592611200,
1970-01-01 00:00:01.592697600,
1970-01-01 00:00:01.592784000,
1970-01-01 00:00:01.592870400,
1970-01-01 00:00:01.592956800,
1970-01-01 00:00:01.593043200,
1970-01-01 00:00:01.593129600,
1970-01-01 00:00:01.593216000,
1970-01-01 00:00:01.593302400,
1970-01-01 00:00:01.593388800,
1970-01-01 00:00:01.593475200,
1970-01-01 00:00:01.593561600,
1970-01-01 00:00:01.593648000,
1970-01-01 00:00:01.593734400,
1970-01-01 00:00:01.593820800,
1970-01-01 00:00:01.593907200,
1970-01-01 00:00:01.593993600,
1970-01-01 00:00:01.594080000,
1970-01-01 00:00:01.594166400,
1970-01-01 00:00:01.594252800,
1970-01-01 00:00:01.594339200,
1970-01-01 00:00:01.594425600,
1970-01-01 00:00:01.594512000,
1970-01-01 00:00:01.594598400,
1970-01-01 00:00:01.594684800,
1970-01-01 00:00:01.594771200,
1970-01-01 00:00:01.594857600,
1970-01-01 00:00:01.594944000,
1970-01-01 00:00:01.595030400,
1970-01-01 00:00:01.595116800,
1970-01-01 00:00:01.595203200,
1970-01-01 00:00:01.595289600,
1970-01-01 00:00:01.595376000,
1970-01-01 00:00:01.595462400,
1970-01-01 00:00:01.595548800,
1970-01-01 00:00:01.595635200,
1970-01-01 00:00:01.595721600,
1970-01-01 00:00:01.595808000,
1970-01-01 00:00:01.595894400,
1970-01-01 00:00:01.595980800,
1970-01-01 00:00:01.596067200,
1970-01-01 00:00:01.596153600,
1970-01-01 00:00:01.596240000,
1970-01-01 00:00:01.596326400,
1970-01-01 00:00:01.596412800,
1970-01-01 00:00:01.596499200,
1970-01-01 00:00:01.596585600,
1970-01-01 00:00:01.596672000,
1970-01-01 00:00:01.596758400,
1970-01-01 00:00:01.596844800,
1970-01-01 00:00:01.596931200,
1970-01-01 00:00:01.597017600,
1970-01-01 00:00:01.597104000,
1970-01-01 00:00:01.597190400,
1970-01-01 00:00:01.597276800,
1970-01-01 00:00:01.597363200,
1970-01-01 00:00:01.597449600,
1970-01-01 00:00:01.597536000,
1970-01-01 00:00:01.597622400,
1970-01-01 00:00:01.597708800,
1970-01-01 00:00:01.597795200,
1970-01-01 00:00:01.597881600,
1970-01-01 00:00:01.597968000,
1970-01-01 00:00:01.598054400,
1970-01-01 00:00:01.598140800,
1970-01-01 00:00:01.598227200,
1970-01-01 00:00:01.598313600,
1970-01-01 00:00:01.598400000,
1970-01-01 00:00:01.598486400,
1970-01-01 00:00:01.598572800,
1970-01-01 00:00:01.598659200,
1970-01-01 00:00:01.598745600,
1970-01-01 00:00:01.598832000,
1970-01-01 00:00:01.598918400,
1970-01-01 00:00:01.599004800,
1970-01-01 00:00:01.599091200,
1970-01-01 00:00:01.599177600,
1970-01-01 00:00:01.599264000,
1970-01-01 00:00:01.599350400,
1970-01-01 00:00:01.599436800,
1970-01-01 00:00:01.599523200,
1970-01-01 00:00:01.599609600,
1970-01-01 00:00:01.599696000,
1970-01-01 00:00:01.599782400,
1970-01-01 00:00:01.599868800,
1970-01-01 00:00:01.599955200,
1970-01-01 00:00:01.600041600,
1970-01-01 00:00:01.600128000,
1970-01-01 00:00:01.600214400,
1970-01-01 00:00:01.600300800,
1970-01-01 00:00:01.600387200,
1970-01-01 00:00:01.600473600,
1970-01-01 00:00:01.600560000,
1970-01-01 00:00:01.600646400,
1970-01-01 00:00:01.600732800,
1970-01-01 00:00:01.600819200,
1970-01-01 00:00:01.600905600,
1970-01-01 00:00:01.600992000,
1970-01-01 00:00:01.601078400,
1970-01-01 00:00:01.601164800,
1970-01-01 00:00:01.601251200,
1970-01-01 00:00:01.601337600,
1970-01-01 00:00:01.601424000,
1970-01-01 00:00:01.601510400,
1970-01-01 00:00:01.601596800,
1970-01-01 00:00:01.601683200,
1970-01-01 00:00:01.601769600,
1970-01-01 00:00:01.601856000,
1970-01-01 00:00:01.601942400,
1970-01-01 00:00:01.602028800,
1970-01-01 00:00:01.602115200,
1970-01-01 00:00:01.602201600,
1970-01-01 00:00:01.602288000,
1970-01-01 00:00:01.602374400,
1970-01-01 00:00:01.602460800,
1970-01-01 00:00:01.602547200,
1970-01-01 00:00:01.602633600,
1970-01-01 00:00:01.602720000,
1970-01-01 00:00:01.602806400,
1970-01-01 00:00:01.602892800,
1970-01-01 00:00:01.602979200,
1970-01-01 00:00:01.603065600,
1970-01-01 00:00:01.603152000,
1970-01-01 00:00:01.603238400,
1970-01-01 00:00:01.603324800,
1970-01-01 00:00:01.603411200,
1970-01-01 00:00:01.603497600,
1970-01-01 00:00:01.603584000,
1970-01-01 00:00:01.603670400,
1970-01-01 00:00:01.603756800,
1970-01-01 00:00:01.603843200,
1970-01-01 00:00:01.603929600,
1970-01-01 00:00:01.604016000,
1970-01-01 00:00:01.604102400,
1970-01-01 00:00:01.604188800,
1970-01-01 00:00:01.604275200,
1970-01-01 00:00:01.604361600,
1970-01-01 00:00:01.604448000,
1970-01-01 00:00:01.604534400,
1970-01-01 00:00:01.604620800,
1970-01-01 00:00:01.604707200,
1970-01-01 00:00:01.604793600,
1970-01-01 00:00:01.604880000,
1970-01-01 00:00:01.604966400,
1970-01-01 00:00:01.605052800,
1970-01-01 00:00:01.605139200,
1970-01-01 00:00:01.605225600,
1970-01-01 00:00:01.605312000,
1970-01-01 00:00:01.605398400,
1970-01-01 00:00:01.605484800,
1970-01-01 00:00:01.605571200,
1970-01-01 00:00:01.605657600,
1970-01-01 00:00:01.605744000,
1970-01-01 00:00:01.605830400,
1970-01-01 00:00:01.605916800,
1970-01-01 00:00:01.606003200,
1970-01-01 00:00:01.606089600,
1970-01-01 00:00:01.606176000,
1970-01-01 00:00:01.606262400,
1970-01-01 00:00:01.606348800,
1970-01-01 00:00:01.606435200,
1970-01-01 00:00:01.606521600,
1970-01-01 00:00:01.606608000,
1970-01-01 00:00:01.606694400,
1970-01-01 00:00:01.606780800,
1970-01-01 00:00:01.606867200,
1970-01-01 00:00:01.606953600,
1970-01-01 00:00:01.607040000,
1970-01-01 00:00:01.607126400,
1970-01-01 00:00:01.607212800,
1970-01-01 00:00:01.607299200,
1970-01-01 00:00:01.607385600,
1970-01-01 00:00:01.607472000,
1970-01-01 00:00:01.607558400,
1970-01-01 00:00:01.607644800,
1970-01-01 00:00:01.607731200,
1970-01-01 00:00:01.607817600,
1970-01-01 00:00:01.607904000,
1970-01-01 00:00:01.607990400,
1970-01-01 00:00:01.608076800,
1970-01-01 00:00:01.608163200,
1970-01-01 00:00:01.608249600,
1970-01-01 00:00:01.608336000,
1970-01-01 00:00:01.608422400,
1970-01-01 00:00:01.608508800,
1970-01-01 00:00:01.608595200,
1970-01-01 00:00:01.608681600,
1970-01-01 00:00:01.608768000,
1970-01-01 00:00:01.608854400,
1970-01-01 00:00:01.608940800,
1970-01-01 00:00:01.609027200,
1970-01-01 00:00:01.609113600,
1970-01-01 00:00:01.609200000,
1970-01-01 00:00:01.609286400,
1970-01-01 00:00:01.609372800,
1970-01-01 00:00:01.609459200,
1970-01-01 00:00:01.609545600,
1970-01-01 00:00:01.609632000,
1970-01-01 00:00:01.609718400,
1970-01-01 00:00:01.609804800,
1970-01-01 00:00:01.609891200,
1970-01-01 00:00:01.609977600,
1970-01-01 00:00:01.610064000,
1970-01-01 00:00:01.610150400,
1970-01-01 00:00:01.610236800,
1970-01-01 00:00:01.610323200,
1970-01-01 00:00:01.610409600,
1970-01-01 00:00:01.610496000,
1970-01-01 00:00:01.610582400,
1970-01-01 00:00:01.610668800,
1970-01-01 00:00:01.610755200,
1970-01-01 00:00:01.610841600,
1970-01-01 00:00:01.610928000,
1970-01-01 00:00:01.611014400,
1970-01-01 00:00:01.611100800,
1970-01-01 00:00:01.611187200,
1970-01-01 00:00:01.611273600,
1970-01-01 00:00:01.611360000,
1970-01-01 00:00:01.611446400,
1970-01-01 00:00:01.611532800,
1970-01-01 00:00:01.611619200,
1970-01-01 00:00:01.611705600,
1970-01-01 00:00:01.611792000,
1970-01-01 00:00:01.611878400,
1970-01-01 00:00:01.611964800,
1970-01-01 00:00:01.612051200,
1970-01-01 00:00:01.612137600,
1970-01-01 00:00:01.612224000,
1970-01-01 00:00:01.612310400,
1970-01-01 00:00:01.612396800,
1970-01-01 00:00:01.612483200,
1970-01-01 00:00:01.612569600,
1970-01-01 00:00:01.612656000,
1970-01-01 00:00:01.612742400,
1970-01-01 00:00:01.612828800,
1970-01-01 00:00:01.612915200,
1970-01-01 00:00:01.613001600,
1970-01-01 00:00:01.613088000,
1970-01-01 00:00:01.613174400,
1970-01-01 00:00:01.613260800,
1970-01-01 00:00:01.613347200,
1970-01-01 00:00:01.613433600,
1970-01-01 00:00:01.613520000,
1970-01-01 00:00:01.613606400,
1970-01-01 00:00:01.613692800,
1970-01-01 00:00:01.613779200,
1970-01-01 00:00:01.613865600,
1970-01-01 00:00:01.613952000,
1970-01-01 00:00:01.614038400,
1970-01-01 00:00:01.614124800,
1970-01-01 00:00:01.614211200,
1970-01-01 00:00:01.614297600,
1970-01-01 00:00:01.614384000,
1970-01-01 00:00:01.614470400,
1970-01-01 00:00:01.614556800,
1970-01-01 00:00:01.614643200,
1970-01-01 00:00:01.614729600,
1970-01-01 00:00:01.614816000,
1970-01-01 00:00:01.614902400,
1970-01-01 00:00:01.614988800,
1970-01-01 00:00:01.615075200,
1970-01-01 00:00:01.615161600,
1970-01-01 00:00:01.615248000,
1970-01-01 00:00:01.615334400,
1970-01-01 00:00:01.615420800,
1970-01-01 00:00:01.615507200,
1970-01-01 00:00:01.615593600,
1970-01-01 00:00:01.615680000,
1970-01-01 00:00:01.615766400,
1970-01-01 00:00:01.615852800,
1970-01-01 00:00:01.615939200,
1970-01-01 00:00:01.616025600,
1970-01-01 00:00:01.616112000,
1970-01-01 00:00:01.616198400,
1970-01-01 00:00:01.616284800,
1970-01-01 00:00:01.616371200,
1970-01-01 00:00:01.616457600,
1970-01-01 00:00:01.616544000,
1970-01-01 00:00:01.616630400,
1970-01-01 00:00:01.616716800,
1970-01-01 00:00:01.616803200,
1970-01-01 00:00:01.616889600,
1970-01-01 00:00:01.616976000,
1970-01-01 00:00:01.617062400,
1970-01-01 00:00:01.617148800,
1970-01-01 00:00:01.617235200,
1970-01-01 00:00:01.617321600,
1970-01-01 00:00:01.617408000,
1970-01-01 00:00:01.617494400,
1970-01-01 00:00:01.617580800,
1970-01-01 00:00:01.617667200,
1970-01-01 00:00:01.617753600,
1970-01-01 00:00:01.617840000,
1970-01-01 00:00:01.617926400,
1970-01-01 00:00:01.618012800,
1970-01-01 00:00:01.618099200,
1970-01-01 00:00:01.618185600,
1970-01-01 00:00:01.618272000,
1970-01-01 00:00:01.618358400,
1970-01-01 00:00:01.618444800,
1970-01-01 00:00:01.618531200,
1970-01-01 00:00:01.618617600,
1970-01-01 00:00:01.618704000,
1970-01-01 00:00:01.618790400,
1970-01-01 00:00:01.618876800,
1970-01-01 00:00:01.618963200,
1970-01-01 00:00:01.619049600,
1970-01-01 00:00:01.619136000,
1970-01-01 00:00:01.619222400,
1970-01-01 00:00:01.619308800,
1970-01-01 00:00:01.619395200,
1970-01-01 00:00:01.619481600,
1970-01-01 00:00:01.619568000,
1970-01-01 00:00:01.619654400,
1970-01-01 00:00:01.619740800,
1970-01-01 00:00:01.619827200,
1970-01-01 00:00:01.619913600,
1970-01-01 00:00:01.620000000,
1970-01-01 00:00:01.620086400,
1970-01-01 00:00:01.620172800,
1970-01-01 00:00:01.620259200,
1970-01-01 00:00:01.620345600,
1970-01-01 00:00:01.620432000,
1970-01-01 00:00:01.620518400,
1970-01-01 00:00:01.620604800,
1970-01-01 00:00:01.620691200,
1970-01-01 00:00:01.620777600,
1970-01-01 00:00:01.620864000,
1970-01-01 00:00:01.620950400,
1970-01-01 00:00:01.621036800,
1970-01-01 00:00:01.621123200,
1970-01-01 00:00:01.621209600,
1970-01-01 00:00:01.621296000,
1970-01-01 00:00:01.621382400,
1970-01-01 00:00:01.621468800,
1970-01-01 00:00:01.621555200,
1970-01-01 00:00:01.621641600,
1970-01-01 00:00:01.621728000,
1970-01-01 00:00:01.621814400,
1970-01-01 00:00:01.621900800,
1970-01-01 00:00:01.621987200,
1970-01-01 00:00:01.622073600,
1970-01-01 00:00:01.622160000,
1970-01-01 00:00:01.622246400,
1970-01-01 00:00:01.622332800,
1970-01-01 00:00:01.622419200,
1970-01-01 00:00:01.622505600,
1970-01-01 00:00:01.622592000,
1970-01-01 00:00:01.622678400,
1970-01-01 00:00:01.622764800,
1970-01-01 00:00:01.622851200,
1970-01-01 00:00:01.622937600,
1970-01-01 00:00:01.623024000,
1970-01-01 00:00:01.623110400,
1970-01-01 00:00:01.623196800,
1970-01-01 00:00:01.623283200,
1970-01-01 00:00:01.623369600,
1970-01-01 00:00:01.623456000,
1970-01-01 00:00:01.623542400,
1970-01-01 00:00:01.623628800,
1970-01-01 00:00:01.623715200,
1970-01-01 00:00:01.623801600,
1970-01-01 00:00:01.623888000,
1970-01-01 00:00:01.623974400,
1970-01-01 00:00:01.624060800,
1970-01-01 00:00:01.624147200,
1970-01-01 00:00:01.624233600,
1970-01-01 00:00:01.624320000,
1970-01-01 00:00:01.624406400,
1970-01-01 00:00:01.624492800,
1970-01-01 00:00:01.624579200,
1970-01-01 00:00:01.624665600,
1970-01-01 00:00:01.624752000,
1970-01-01 00:00:01.624838400,
1970-01-01 00:00:01.624924800,
1970-01-01 00:00:01.625011200,
1970-01-01 00:00:01.625097600,
1970-01-01 00:00:01.625184000,
1970-01-01 00:00:01.625270400,
1970-01-01 00:00:01.625356800,
1970-01-01 00:00:01.625443200,
1970-01-01 00:00:01.625529600,
1970-01-01 00:00:01.625616000,
1970-01-01 00:00:01.625702400,
1970-01-01 00:00:01.625788800,
1970-01-01 00:00:01.625875200,
1970-01-01 00:00:01.625961600,
1970-01-01 00:00:01.626048000,
1970-01-01 00:00:01.626134400,
1970-01-01 00:00:01.626220800,
1970-01-01 00:00:01.626307200,
1970-01-01 00:00:01.626393600,
1970-01-01 00:00:01.626480000,
1970-01-01 00:00:01.626566400,
1970-01-01 00:00:01.626652800,
1970-01-01 00:00:01.626739200,
1970-01-01 00:00:01.626825600,
1970-01-01 00:00:01.626912000,
1970-01-01 00:00:01.626998400,
1970-01-01 00:00:01.627084800,
1970-01-01 00:00:01.627171200,
1970-01-01 00:00:01.627257600,
1970-01-01 00:00:01.627344000,
1970-01-01 00:00:01.627430400,
1970-01-01 00:00:01.627516800,
1970-01-01 00:00:01.627603200,
1970-01-01 00:00:01.627689600,
1970-01-01 00:00:01.627776000,
1970-01-01 00:00:01.627862400,
1970-01-01 00:00:01.627948800,
1970-01-01 00:00:01.628035200,
1970-01-01 00:00:01.628121600,
1970-01-01 00:00:01.628208000,
1970-01-01 00:00:01.628294400,
1970-01-01 00:00:01.628380800,
1970-01-01 00:00:01.628467200,
1970-01-01 00:00:01.628553600,
1970-01-01 00:00:01.628640000,
1970-01-01 00:00:01.628726400,
1970-01-01 00:00:01.628812800,
1970-01-01 00:00:01.628899200,
1970-01-01 00:00:01.628985600,
1970-01-01 00:00:01.629072000,
1970-01-01 00:00:01.629158400,
1970-01-01 00:00:01.629244800,
1970-01-01 00:00:01.629331200,
1970-01-01 00:00:01.629417600,
1970-01-01 00:00:01.629504000,
1970-01-01 00:00:01.629590400,
1970-01-01 00:00:01.629676800,
1970-01-01 00:00:01.629763200,
1970-01-01 00:00:01.629849600,
1970-01-01 00:00:01.629936000,
1970-01-01 00:00:01.630022400,
1970-01-01 00:00:01.630108800,
1970-01-01 00:00:01.630195200,
1970-01-01 00:00:01.630281600,
1970-01-01 00:00:01.630368000,
1970-01-01 00:00:01.630454400,
1970-01-01 00:00:01.630540800,
1970-01-01 00:00:01.630627200,
1970-01-01 00:00:01.630713600,
1970-01-01 00:00:01.630800000,
1970-01-01 00:00:01.630886400,
1970-01-01 00:00:01.630972800,
1970-01-01 00:00:01.631059200,
1970-01-01 00:00:01.631145600,
1970-01-01 00:00:01.631232000,
1970-01-01 00:00:01.631318400,
1970-01-01 00:00:01.631404800,
1970-01-01 00:00:01.631491200,
1970-01-01 00:00:01.631577600,
1970-01-01 00:00:01.631664000,
1970-01-01 00:00:01.631750400,
1970-01-01 00:00:01.631836800,
1970-01-01 00:00:01.631923200,
1970-01-01 00:00:01.632009600,
1970-01-01 00:00:01.632096000,
1970-01-01 00:00:01.632182400,
1970-01-01 00:00:01.632268800,
1970-01-01 00:00:01.632355200,
1970-01-01 00:00:01.632441600,
1970-01-01 00:00:01.632528000,
1970-01-01 00:00:01.632614400,
1970-01-01 00:00:01.632700800,
1970-01-01 00:00:01.632787200,
1970-01-01 00:00:01.632873600,
1970-01-01 00:00:01.632960000,
1970-01-01 00:00:01.633046400,
1970-01-01 00:00:01.633132800,
1970-01-01 00:00:01.633219200,
1970-01-01 00:00:01.633305600,
1970-01-01 00:00:01.633392000,
1970-01-01 00:00:01.633478400,
1970-01-01 00:00:01.633564800,
1970-01-01 00:00:01.633651200,
1970-01-01 00:00:01.633737600,
1970-01-01 00:00:01.633824000,
1970-01-01 00:00:01.633910400,
1970-01-01 00:00:01.633996800,
1970-01-01 00:00:01.634083200,
1970-01-01 00:00:01.634169600,
1970-01-01 00:00:01.634256000,
1970-01-01 00:00:01.634342400,
1970-01-01 00:00:01.634428800,
1970-01-01 00:00:01.634515200,
1970-01-01 00:00:01.634601600,
1970-01-01 00:00:01.634688000,
1970-01-01 00:00:01.634774400,
1970-01-01 00:00:01.634860800,
1970-01-01 00:00:01.634947200,
1970-01-01 00:00:01.635033600,
1970-01-01 00:00:01.635120000,
1970-01-01 00:00:01.635206400,
1970-01-01 00:00:01.635292800,
1970-01-01 00:00:01.635379200,
1970-01-01 00:00:01.635465600,
1970-01-01 00:00:01.635552000,
1970-01-01 00:00:01.635638400,
1970-01-01 00:00:01.635724800,
1970-01-01 00:00:01.635811200,
1970-01-01 00:00:01.635897600,
1970-01-01 00:00:01.635984000,
1970-01-01 00:00:01.636070400,
1970-01-01 00:00:01.636156800,
1970-01-01 00:00:01.636243200,
1970-01-01 00:00:01.636329600,
1970-01-01 00:00:01.636416000,
1970-01-01 00:00:01.636502400,
1970-01-01 00:00:01.636588800,
1970-01-01 00:00:01.636675200,
1970-01-01 00:00:01.636761600,
1970-01-01 00:00:01.636848000,
1970-01-01 00:00:01.636934400,
1970-01-01 00:00:01.637020800,
1970-01-01 00:00:01.637107200,
1970-01-01 00:00:01.637193600,
1970-01-01 00:00:01.637280000,
1970-01-01 00:00:01.637366400,
1970-01-01 00:00:01.637452800,
1970-01-01 00:00:01.637539200,
1970-01-01 00:00:01.637625600,
1970-01-01 00:00:01.637712000,
1970-01-01 00:00:01.637798400,
1970-01-01 00:00:01.637884800,
1970-01-01 00:00:01.637971200,
1970-01-01 00:00:01.638057600,
1970-01-01 00:00:01.638144000,
1970-01-01 00:00:01.638230400,
1970-01-01 00:00:01.638316800,
1970-01-01 00:00:01.638403200,
1970-01-01 00:00:01.638489600,
1970-01-01 00:00:01.638576000,
1970-01-01 00:00:01.638662400,
1970-01-01 00:00:01.638748800,
1970-01-01 00:00:01.638835200,
1970-01-01 00:00:01.638921600,
1970-01-01 00:00:01.639008000,
1970-01-01 00:00:01.639094400,
1970-01-01 00:00:01.639180800,
1970-01-01 00:00:01.639267200,
1970-01-01 00:00:01.639353600,
1970-01-01 00:00:01.639440000,
1970-01-01 00:00:01.639526400,
1970-01-01 00:00:01.639612800,
1970-01-01 00:00:01.639699200,
1970-01-01 00:00:01.639785600,
1970-01-01 00:00:01.639872000,
1970-01-01 00:00:01.639958400,
1970-01-01 00:00:01.640044800,
1970-01-01 00:00:01.640131200,
1970-01-01 00:00:01.640217600,
1970-01-01 00:00:01.640304000,
1970-01-01 00:00:01.640390400,
1970-01-01 00:00:01.640476800,
1970-01-01 00:00:01.640563200,
1970-01-01 00:00:01.640649600,
1970-01-01 00:00:01.640736000,
1970-01-01 00:00:01.640822400,
1970-01-01 00:00:01.640908800,
1970-01-01 00:00:01.640995200,
1970-01-01 00:00:01.641081600,
1970-01-01 00:00:01.641168000,
1970-01-01 00:00:01.641254400,
1970-01-01 00:00:01.641340800,
1970-01-01 00:00:01.641427200,
1970-01-01 00:00:01.641513600,
1970-01-01 00:00:01.641600000,
1970-01-01 00:00:01.641686400,
1970-01-01 00:00:01.641772800,
1970-01-01 00:00:01.641859200,
1970-01-01 00:00:01.641945600,
1970-01-01 00:00:01.642032000,
1970-01-01 00:00:01.642118400,
1970-01-01 00:00:01.642204800,
1970-01-01 00:00:01.642291200,
1970-01-01 00:00:01.642377600,
1970-01-01 00:00:01.642464000,
1970-01-01 00:00:01.642550400,
1970-01-01 00:00:01.642636800,
1970-01-01 00:00:01.642723200,
1970-01-01 00:00:01.642809600,
1970-01-01 00:00:01.642896000,
1970-01-01 00:00:01.642982400,
1970-01-01 00:00:01.643068800,
1970-01-01 00:00:01.643155200,
1970-01-01 00:00:01.643241600,
1970-01-01 00:00:01.643328000,
1970-01-01 00:00:01.643414400,
1970-01-01 00:00:01.643500800,
1970-01-01 00:00:01.643587200,
1970-01-01 00:00:01.643673600,
1970-01-01 00:00:01.643760000,
1970-01-01 00:00:01.643846400,
1970-01-01 00:00:01.643932800,
1970-01-01 00:00:01.644019200,
1970-01-01 00:00:01.644105600,
1970-01-01 00:00:01.644192000,
1970-01-01 00:00:01.644278400,
1970-01-01 00:00:01.644364800,
1970-01-01 00:00:01.644451200,
1970-01-01 00:00:01.644537600,
1970-01-01 00:00:01.644624000,
1970-01-01 00:00:01.644710400,
1970-01-01 00:00:01.644796800,
1970-01-01 00:00:01.644883200,
1970-01-01 00:00:01.644969600,
1970-01-01 00:00:01.645056000,
1970-01-01 00:00:01.645142400,
1970-01-01 00:00:01.645228800,
1970-01-01 00:00:01.645315200,
1970-01-01 00:00:01.645401600,
1970-01-01 00:00:01.645488000,
1970-01-01 00:00:01.645574400,
1970-01-01 00:00:01.645660800,
1970-01-01 00:00:01.645747200,
1970-01-01 00:00:01.645833600,
1970-01-01 00:00:01.645920000,
1970-01-01 00:00:01.646006400,
1970-01-01 00:00:01.646092800,
1970-01-01 00:00:01.646179200,
1970-01-01 00:00:01.646265600,
1970-01-01 00:00:01.646352000,
1970-01-01 00:00:01.646438400,
1970-01-01 00:00:01.646524800,
1970-01-01 00:00:01.646611200,
1970-01-01 00:00:01.646697600,
1970-01-01 00:00:01.646784000,
1970-01-01 00:00:01.646870400,
1970-01-01 00:00:01.646956800,
1970-01-01 00:00:01.647043200,
1970-01-01 00:00:01.647129600,
1970-01-01 00:00:01.647216000,
1970-01-01 00:00:01.647302400,
1970-01-01 00:00:01.647388800,
1970-01-01 00:00:01.647475200,
1970-01-01 00:00:01.647561600,
1970-01-01 00:00:01.647648000,
1970-01-01 00:00:01.647734400,
1970-01-01 00:00:01.647820800,
1970-01-01 00:00:01.647907200,
1970-01-01 00:00:01.647993600,
1970-01-01 00:00:01.648080000,
1970-01-01 00:00:01.648166400,
1970-01-01 00:00:01.648252800,
1970-01-01 00:00:01.648339200,
1970-01-01 00:00:01.648425600,
1970-01-01 00:00:01.648512000,
1970-01-01 00:00:01.648598400,
1970-01-01 00:00:01.648684800,
1970-01-01 00:00:01.648771200,
1970-01-01 00:00:01.648857600,
1970-01-01 00:00:01.648944000,
1970-01-01 00:00:01.649030400,
1970-01-01 00:00:01.649116800,
1970-01-01 00:00:01.649203200,
1970-01-01 00:00:01.649289600,
1970-01-01 00:00:01.649376000,
1970-01-01 00:00:01.649462400,
1970-01-01 00:00:01.649548800,
1970-01-01 00:00:01.649635200,
1970-01-01 00:00:01.649721600,
1970-01-01 00:00:01.649808000,
1970-01-01 00:00:01.649894400,
1970-01-01 00:00:01.649980800,
1970-01-01 00:00:01.650067200,
1970-01-01 00:00:01.650153600,
1970-01-01 00:00:01.650240000,
1970-01-01 00:00:01.650326400,
1970-01-01 00:00:01.650412800,
1970-01-01 00:00:01.650499200,
1970-01-01 00:00:01.650585600,
1970-01-01 00:00:01.650672000,
1970-01-01 00:00:01.650758400,
1970-01-01 00:00:01.650844800,
1970-01-01 00:00:01.650931200,
1970-01-01 00:00:01.651017600,
1970-01-01 00:00:01.651104000,
1970-01-01 00:00:01.651190400,
1970-01-01 00:00:01.651276800,
1970-01-01 00:00:01.651363200,
1970-01-01 00:00:01.651449600,
1970-01-01 00:00:01.651536000,
1970-01-01 00:00:01.651622400,
1970-01-01 00:00:01.651708800,
1970-01-01 00:00:01.651795200,
1970-01-01 00:00:01.651881600,
1970-01-01 00:00:01.651968000,
1970-01-01 00:00:01.652054400,
1970-01-01 00:00:01.652140800,
1970-01-01 00:00:01.652227200,
1970-01-01 00:00:01.652313600,
1970-01-01 00:00:01.652400000,
1970-01-01 00:00:01.652486400,
1970-01-01 00:00:01.652572800,
1970-01-01 00:00:01.652659200,
1970-01-01 00:00:01.652745600,
1970-01-01 00:00:01.652832000,
1970-01-01 00:00:01.652918400,
1970-01-01 00:00:01.653004800,
1970-01-01 00:00:01.653091200,
1970-01-01 00:00:01.653177600,
1970-01-01 00:00:01.653264000,
1970-01-01 00:00:01.653350400,
1970-01-01 00:00:01.653436800,
1970-01-01 00:00:01.653523200,
1970-01-01 00:00:01.653609600,
1970-01-01 00:00:01.653696000,
1970-01-01 00:00:01.653782400,
1970-01-01 00:00:01.653868800,
1970-01-01 00:00:01.653955200,
1970-01-01 00:00:01.654041600,
1970-01-01 00:00:01.654128000,
1970-01-01 00:00:01.654214400,
1970-01-01 00:00:01.654300800,
1970-01-01 00:00:01.654387200,
1970-01-01 00:00:01.654473600,
1970-01-01 00:00:01.654560000,
1970-01-01 00:00:01.654646400,
1970-01-01 00:00:01.654732800,
1970-01-01 00:00:01.654819200,
1970-01-01 00:00:01.654905600,
1970-01-01 00:00:01.654992000,
1970-01-01 00:00:01.655078400,
1970-01-01 00:00:01.655164800,
1970-01-01 00:00:01.655251200,
1970-01-01 00:00:01.655337600,
1970-01-01 00:00:01.655424000,
1970-01-01 00:00:01.655510400,
1970-01-01 00:00:01.655596800,
1970-01-01 00:00:01.655683200,
1970-01-01 00:00:01.655769600,
1970-01-01 00:00:01.655856000,
1970-01-01 00:00:01.655942400,
1970-01-01 00:00:01.656028800,
1970-01-01 00:00:01.656115200,
1970-01-01 00:00:01.656201600,
1970-01-01 00:00:01.656288000,
1970-01-01 00:00:01.656374400,
1970-01-01 00:00:01.656460800,
1970-01-01 00:00:01.656547200,
1970-01-01 00:00:01.656633600,
1970-01-01 00:00:01.656720000,
1970-01-01 00:00:01.656806400,
1970-01-01 00:00:01.656892800,
1970-01-01 00:00:01.656979200,
1970-01-01 00:00:01.657065600,
1970-01-01 00:00:01.657152000,
1970-01-01 00:00:01.657238400,
1970-01-01 00:00:01.657324800,
1970-01-01 00:00:01.657411200,
1970-01-01 00:00:01.657497600,
1970-01-01 00:00:01.657584000,
1970-01-01 00:00:01.657670400,
1970-01-01 00:00:01.657756800,
1970-01-01 00:00:01.657843200,
1970-01-01 00:00:01.657929600,
1970-01-01 00:00:01.658016000,
1970-01-01 00:00:01.658102400,
1970-01-01 00:00:01.658188800,
1970-01-01 00:00:01.658275200,
1970-01-01 00:00:01.658361600,
1970-01-01 00:00:01.658448000,
1970-01-01 00:00:01.658534400,
1970-01-01 00:00:01.658620800,
1970-01-01 00:00:01.658707200,
1970-01-01 00:00:01.658793600,
1970-01-01 00:00:01.658880000,
1970-01-01 00:00:01.658966400,
1970-01-01 00:00:01.659052800,
1970-01-01 00:00:01.659139200,
1970-01-01 00:00:01.659225600,
1970-01-01 00:00:01.659312000,
1970-01-01 00:00:01.659398400,
1970-01-01 00:00:01.659484800,
1970-01-01 00:00:01.659571200,
1970-01-01 00:00:01.659657600,
1970-01-01 00:00:01.659744000,
1970-01-01 00:00:01.659830400,
1970-01-01 00:00:01.659916800,
1970-01-01 00:00:01.660003200,
1970-01-01 00:00:01.660089600,
1970-01-01 00:00:01.660176000,
1970-01-01 00:00:01.660262400,
1970-01-01 00:00:01.660348800,
1970-01-01 00:00:01.660435200,
1970-01-01 00:00:01.660521600,
1970-01-01 00:00:01.660608000,
1970-01-01 00:00:01.660694400,
1970-01-01 00:00:01.660780800,
1970-01-01 00:00:01.660867200,
1970-01-01 00:00:01.660953600,
1970-01-01 00:00:01.661040000,
1970-01-01 00:00:01.661126400,
1970-01-01 00:00:01.661212800,
1970-01-01 00:00:01.661299200,
1970-01-01 00:00:01.661385600,
1970-01-01 00:00:01.661472000,
1970-01-01 00:00:01.661558400,
1970-01-01 00:00:01.661644800,
1970-01-01 00:00:01.661731200,
1970-01-01 00:00:01.661817600,
1970-01-01 00:00:01.661904000,
1970-01-01 00:00:01.661990400,
1970-01-01 00:00:01.662076800,
1970-01-01 00:00:01.662163200,
1970-01-01 00:00:01.662249600,
1970-01-01 00:00:01.662336000,
1970-01-01 00:00:01.662422400,
1970-01-01 00:00:01.662508800,
1970-01-01 00:00:01.662595200,
1970-01-01 00:00:01.662681600,
1970-01-01 00:00:01.662768000,
1970-01-01 00:00:01.662854400,
1970-01-01 00:00:01.662940800,
1970-01-01 00:00:01.663027200,
1970-01-01 00:00:01.663113600,
1970-01-01 00:00:01.663200000,
1970-01-01 00:00:01.663286400,
1970-01-01 00:00:01.663372800,
1970-01-01 00:00:01.663459200,
1970-01-01 00:00:01.663545600,
1970-01-01 00:00:01.663632000,
1970-01-01 00:00:01.663718400,
1970-01-01 00:00:01.663804800,
1970-01-01 00:00:01.663891200,
1970-01-01 00:00:01.663977600,
1970-01-01 00:00:01.664064000,
1970-01-01 00:00:01.664150400,
1970-01-01 00:00:01.664236800,
1970-01-01 00:00:01.664323200,
1970-01-01 00:00:01.664409600,
1970-01-01 00:00:01.664496000,
1970-01-01 00:00:01.664582400,
1970-01-01 00:00:01.664668800,
1970-01-01 00:00:01.664755200,
1970-01-01 00:00:01.664841600,
1970-01-01 00:00:01.664928000,
1970-01-01 00:00:01.665014400,
1970-01-01 00:00:01.665100800,
1970-01-01 00:00:01.665187200,
1970-01-01 00:00:01.665273600,
1970-01-01 00:00:01.665360000,
1970-01-01 00:00:01.665446400,
1970-01-01 00:00:01.665532800,
1970-01-01 00:00:01.665619200,
1970-01-01 00:00:01.665705600,
1970-01-01 00:00:01.665792000,
1970-01-01 00:00:01.665878400,
1970-01-01 00:00:01.665964800,
1970-01-01 00:00:01.666051200,
1970-01-01 00:00:01.666137600,
1970-01-01 00:00:01.666224000,
1970-01-01 00:00:01.666310400,
1970-01-01 00:00:01.666396800,
1970-01-01 00:00:01.666483200,
1970-01-01 00:00:01.666569600,
1970-01-01 00:00:01.666656000,
1970-01-01 00:00:01.666742400,
1970-01-01 00:00:01.666828800,
1970-01-01 00:00:01.666915200,
1970-01-01 00:00:01.667001600,
1970-01-01 00:00:01.667088000,
1970-01-01 00:00:01.667174400,
1970-01-01 00:00:01.667260800,
1970-01-01 00:00:01.667347200,
1970-01-01 00:00:01.667433600,
1970-01-01 00:00:01.667520000,
1970-01-01 00:00:01.667606400,
1970-01-01 00:00:01.667692800,
1970-01-01 00:00:01.667779200,
1970-01-01 00:00:01.667865600,
1970-01-01 00:00:01.667952000,
1970-01-01 00:00:01.668038400,
1970-01-01 00:00:01.668124800,
1970-01-01 00:00:01.668211200,
1970-01-01 00:00:01.668297600,
1970-01-01 00:00:01.668384000,
1970-01-01 00:00:01.668470400,
1970-01-01 00:00:01.668556800,
1970-01-01 00:00:01.668643200,
1970-01-01 00:00:01.668729600,
1970-01-01 00:00:01.668816000,
1970-01-01 00:00:01.668902400,
1970-01-01 00:00:01.668988800,
1970-01-01 00:00:01.669075200,
1970-01-01 00:00:01.669161600,
1970-01-01 00:00:01.669248000,
1970-01-01 00:00:01.669334400,
1970-01-01 00:00:01.669420800,
1970-01-01 00:00:01.669507200,
1970-01-01 00:00:01.669593600,
1970-01-01 00:00:01.669680000,
1970-01-01 00:00:01.669766400,
1970-01-01 00:00:01.669852800,
1970-01-01 00:00:01.669939200,
1970-01-01 00:00:01.670025600,
1970-01-01 00:00:01.670112000,
1970-01-01 00:00:01.670198400,
1970-01-01 00:00:01.670284800,
1970-01-01 00:00:01.670371200,
1970-01-01 00:00:01.670457600,
1970-01-01 00:00:01.670544000,
1970-01-01 00:00:01.670630400,
1970-01-01 00:00:01.670716800,
1970-01-01 00:00:01.670803200,
1970-01-01 00:00:01.670889600,
1970-01-01 00:00:01.670976000,
1970-01-01 00:00:01.671062400,
1970-01-01 00:00:01.671148800,
1970-01-01 00:00:01.671235200,
1970-01-01 00:00:01.671321600,
1970-01-01 00:00:01.671408000,
1970-01-01 00:00:01.671494400,
1970-01-01 00:00:01.671580800,
1970-01-01 00:00:01.671667200,
1970-01-01 00:00:01.671753600,
1970-01-01 00:00:01.671840000,
1970-01-01 00:00:01.671926400,
1970-01-01 00:00:01.672012800,
1970-01-01 00:00:01.672099200,
1970-01-01 00:00:01.672185600,
1970-01-01 00:00:01.672272000,
1970-01-01 00:00:01.672358400,
1970-01-01 00:00:01.672444800,
1970-01-01 00:00:01.672531200,
1970-01-01 00:00:01.672617600,
1970-01-01 00:00:01.672704000,
1970-01-01 00:00:01.672790400,
1970-01-01 00:00:01.672876800,
1970-01-01 00:00:01.672963200,
1970-01-01 00:00:01.673049600,
1970-01-01 00:00:01.673136000,
1970-01-01 00:00:01.673222400,
1970-01-01 00:00:01.673308800,
1970-01-01 00:00:01.673395200,
1970-01-01 00:00:01.673481600,
1970-01-01 00:00:01.673568000,
1970-01-01 00:00:01.673654400,
1970-01-01 00:00:01.673740800,
1970-01-01 00:00:01.673827200,
1970-01-01 00:00:01.673913600,
1970-01-01 00:00:01.674000000,
1970-01-01 00:00:01.674086400,
1970-01-01 00:00:01.674172800,
1970-01-01 00:00:01.674259200,
1970-01-01 00:00:01.674345600,
1970-01-01 00:00:01.674432000,
1970-01-01 00:00:01.674518400,
1970-01-01 00:00:01.674604800,
1970-01-01 00:00:01.674691200,
1970-01-01 00:00:01.674777600,
1970-01-01 00:00:01.674864000,
1970-01-01 00:00:01.674950400,
1970-01-01 00:00:01.675036800,
1970-01-01 00:00:01.675123200,
1970-01-01 00:00:01.675209600,
1970-01-01 00:00:01.675296000,
1970-01-01 00:00:01.675382400,
1970-01-01 00:00:01.675468800,
1970-01-01 00:00:01.675555200,
1970-01-01 00:00:01.675641600,
1970-01-01 00:00:01.675728000,
1970-01-01 00:00:01.675814400,
1970-01-01 00:00:01.675900800,
1970-01-01 00:00:01.675987200,
1970-01-01 00:00:01.676073600,
1970-01-01 00:00:01.676160000,
1970-01-01 00:00:01.676246400,
1970-01-01 00:00:01.676332800,
1970-01-01 00:00:01.676419200,
1970-01-01 00:00:01.676505600,
1970-01-01 00:00:01.676592000,
1970-01-01 00:00:01.676678400,
1970-01-01 00:00:01.676764800,
1970-01-01 00:00:01.676851200,
1970-01-01 00:00:01.676937600,
1970-01-01 00:00:01.677024000,
1970-01-01 00:00:01.677110400,
1970-01-01 00:00:01.677196800,
1970-01-01 00:00:01.677283200,
1970-01-01 00:00:01.677369600,
1970-01-01 00:00:01.677456000,
1970-01-01 00:00:01.677542400,
1970-01-01 00:00:01.677628800,
1970-01-01 00:00:01.677715200,
1970-01-01 00:00:01.677801600,
1970-01-01 00:00:01.677888000,
1970-01-01 00:00:01.677974400,
1970-01-01 00:00:01.678060800,
1970-01-01 00:00:01.678147200,
1970-01-01 00:00:01.678233600,
1970-01-01 00:00:01.678320000,
1970-01-01 00:00:01.678406400,
1970-01-01 00:00:01.678492800,
1970-01-01 00:00:01.678579200,
1970-01-01 00:00:01.678665600,
1970-01-01 00:00:01.678752000,
1970-01-01 00:00:01.678838400,
1970-01-01 00:00:01.678924800,
1970-01-01 00:00:01.679011200,
1970-01-01 00:00:01.679097600,
1970-01-01 00:00:01.679184000,
1970-01-01 00:00:01.679270400,
1970-01-01 00:00:01.679356800,
1970-01-01 00:00:01.679443200,
1970-01-01 00:00:01.679529600,
1970-01-01 00:00:01.679616000,
1970-01-01 00:00:01.679702400,
1970-01-01 00:00:01.679788800,
1970-01-01 00:00:01.679875200,
1970-01-01 00:00:01.679961600,
1970-01-01 00:00:01.680048000,
1970-01-01 00:00:01.680134400,
1970-01-01 00:00:01.680220800,
1970-01-01 00:00:01.680307200,
1970-01-01 00:00:01.680393600,
1970-01-01 00:00:01.680480000,
1970-01-01 00:00:01.680566400,
1970-01-01 00:00:01.680652800,
1970-01-01 00:00:01.680739200,
1970-01-01 00:00:01.680825600,
1970-01-01 00:00:01.680912000,
1970-01-01 00:00:01.680998400,
1970-01-01 00:00:01.681084800,
1970-01-01 00:00:01.681171200,
1970-01-01 00:00:01.681257600,
1970-01-01 00:00:01.681344000,
1970-01-01 00:00:01.681430400,
1970-01-01 00:00:01.681516800,
1970-01-01 00:00:01.681603200,
1970-01-01 00:00:01.681689600,
1970-01-01 00:00:01.681776000,
1970-01-01 00:00:01.681862400,
1970-01-01 00:00:01.681948800,
1970-01-01 00:00:01.682035200,
1970-01-01 00:00:01.682121600,
1970-01-01 00:00:01.682208000,
1970-01-01 00:00:01.682294400,
1970-01-01 00:00:01.682380800,
1970-01-01 00:00:01.682467200,
1970-01-01 00:00:01.682553600,
1970-01-01 00:00:01.682640000,
1970-01-01 00:00:01.682726400,
1970-01-01 00:00:01.682812800,
1970-01-01 00:00:01.682899200,
1970-01-01 00:00:01.682985600,
1970-01-01 00:00:01.683072000,
1970-01-01 00:00:01.683158400,
1970-01-01 00:00:01.683244800,
1970-01-01 00:00:01.683331200,
1970-01-01 00:00:01.683417600,
1970-01-01 00:00:01.683504000,
1970-01-01 00:00:01.683590400,
1970-01-01 00:00:01.683676800,
1970-01-01 00:00:01.683763200,
1970-01-01 00:00:01.683849600,
1970-01-01 00:00:01.683936000,
1970-01-01 00:00:01.684022400,
1970-01-01 00:00:01.684108800,
1970-01-01 00:00:01.684195200,
1970-01-01 00:00:01.684281600,
1970-01-01 00:00:01.684368000,
1970-01-01 00:00:01.684454400,
1970-01-01 00:00:01.684540800,
1970-01-01 00:00:01.684627200,
1970-01-01 00:00:01.684713600,
1970-01-01 00:00:01.684800000,
1970-01-01 00:00:01.684886400,
1970-01-01 00:00:01.684972800,
1970-01-01 00:00:01.685059200,
1970-01-01 00:00:01.685145600,
1970-01-01 00:00:01.685232000,
1970-01-01 00:00:01.685318400,
1970-01-01 00:00:01.685404800,
1970-01-01 00:00:01.685491200,
1970-01-01 00:00:01.685577600,
1970-01-01 00:00:01.685664000,
1970-01-01 00:00:01.685750400,
1970-01-01 00:00:01.685836800,
1970-01-01 00:00:01.685923200,
1970-01-01 00:00:01.686009600,
1970-01-01 00:00:01.686096000,
1970-01-01 00:00:01.686182400,
1970-01-01 00:00:01.686268800,
1970-01-01 00:00:01.686355200,
1970-01-01 00:00:01.686441600,
1970-01-01 00:00:01.686528000,
1970-01-01 00:00:01.686614400,
1970-01-01 00:00:01.686700800,
1970-01-01 00:00:01.686787200,
1970-01-01 00:00:01.686873600,
1970-01-01 00:00:01.686960000,
1970-01-01 00:00:01.687046400,
1970-01-01 00:00:01.687132800,
1970-01-01 00:00:01.687219200,
1970-01-01 00:00:01.687305600,
1970-01-01 00:00:01.687392000,
1970-01-01 00:00:01.687478400,
1970-01-01 00:00:01.687564800,
1970-01-01 00:00:01.687651200,
1970-01-01 00:00:01.687737600,
1970-01-01 00:00:01.687824000,
1970-01-01 00:00:01.687910400,
1970-01-01 00:00:01.687996800,
1970-01-01 00:00:01.688083200,
1970-01-01 00:00:01.688169600,
1970-01-01 00:00:01.688256000,
1970-01-01 00:00:01.688342400,
1970-01-01 00:00:01.688428800,
1970-01-01 00:00:01.688515200,
1970-01-01 00:00:01.688601600,
1970-01-01 00:00:01.688688000,
1970-01-01 00:00:01.688774400,
1970-01-01 00:00:01.688860800,
1970-01-01 00:00:01.688947200,
1970-01-01 00:00:01.689033600,
1970-01-01 00:00:01.689120000,
1970-01-01 00:00:01.689206400,
1970-01-01 00:00:01.689292800,
1970-01-01 00:00:01.689379200,
1970-01-01 00:00:01.689465600,
1970-01-01 00:00:01.689552000,
1970-01-01 00:00:01.689638400,
1970-01-01 00:00:01.689724800,
1970-01-01 00:00:01.689811200,
1970-01-01 00:00:01.689897600,
1970-01-01 00:00:01.689984000,
1970-01-01 00:00:01.690070400,
1970-01-01 00:00:01.690156800,
1970-01-01 00:00:01.690243200,
1970-01-01 00:00:01.690329600,
1970-01-01 00:00:01.690416000,
1970-01-01 00:00:01.690502400,
1970-01-01 00:00:01.690588800,
1970-01-01 00:00:01.690675200,
1970-01-01 00:00:01.690761600,
1970-01-01 00:00:01.690848000,
1970-01-01 00:00:01.690934400,
1970-01-01 00:00:01.691020800,
1970-01-01 00:00:01.691107200,
1970-01-01 00:00:01.691193600,
1970-01-01 00:00:01.691280000,
1970-01-01 00:00:01.691366400,
1970-01-01 00:00:01.691452800,
1970-01-01 00:00:01.691539200,
1970-01-01 00:00:01.691625600,
1970-01-01 00:00:01.691712000,
1970-01-01 00:00:01.691798400,
1970-01-01 00:00:01.691884800,
1970-01-01 00:00:01.691971200,
1970-01-01 00:00:01.692057600,
1970-01-01 00:00:01.692144000,
1970-01-01 00:00:01.692230400,
1970-01-01 00:00:01.692316800,
1970-01-01 00:00:01.692403200,
1970-01-01 00:00:01.692489600,
1970-01-01 00:00:01.692576000,
1970-01-01 00:00:01.692662400,
1970-01-01 00:00:01.692748800,
1970-01-01 00:00:01.692835200,
1970-01-01 00:00:01.692921600,
1970-01-01 00:00:01.693008000,
1970-01-01 00:00:01.693094400,
1970-01-01 00:00:01.693180800,
1970-01-01 00:00:01.693267200,
1970-01-01 00:00:01.693353600,
1970-01-01 00:00:01.693440000,
1970-01-01 00:00:01.693526400,
1970-01-01 00:00:01.693612800,
1970-01-01 00:00:01.693699200,
1970-01-01 00:00:01.693785600,
1970-01-01 00:00:01.693872000,
1970-01-01 00:00:01.693958400,
1970-01-01 00:00:01.694044800,
1970-01-01 00:00:01.694131200,
1970-01-01 00:00:01.694217600,
1970-01-01 00:00:01.694304000,
1970-01-01 00:00:01.694390400,
1970-01-01 00:00:01.694476800,
1970-01-01 00:00:01.694563200,
1970-01-01 00:00:01.694649600,
1970-01-01 00:00:01.694736000,
1970-01-01 00:00:01.694822400,
1970-01-01 00:00:01.694908800,
1970-01-01 00:00:01.694995200,
1970-01-01 00:00:01.695081600,
1970-01-01 00:00:01.695168000,
1970-01-01 00:00:01.695254400,
1970-01-01 00:00:01.695340800,
1970-01-01 00:00:01.695427200,
1970-01-01 00:00:01.695513600,
1970-01-01 00:00:01.695600000,
1970-01-01 00:00:01.695686400,
1970-01-01 00:00:01.695772800,
1970-01-01 00:00:01.695859200,
1970-01-01 00:00:01.695945600,
1970-01-01 00:00:01.696032000,
1970-01-01 00:00:01.696118400,
1970-01-01 00:00:01.696204800,
1970-01-01 00:00:01.696291200,
1970-01-01 00:00:01.696377600,
1970-01-01 00:00:01.696464000,
1970-01-01 00:00:01.696550400,
1970-01-01 00:00:01.696636800,
1970-01-01 00:00:01.696723200,
1970-01-01 00:00:01.696809600,
1970-01-01 00:00:01.696896000,
1970-01-01 00:00:01.696982400,
1970-01-01 00:00:01.697068800,
1970-01-01 00:00:01.697155200,
1970-01-01 00:00:01.697241600,
1970-01-01 00:00:01.697328000,
