,Direction,CurrentRetracement%,DeepestRetracement%
0,0,0.0,0.0
1,0,0.0,0.0
2,0,0.0,0.0
3,0,0.0,0.0
4,0,0.0,0.0
5,0,0.0,0.0
6,0,0.0,0.0
7,0,0.0,0.0
8,0,0.0,0.0
9,0,0.0,0.0
10,0,0.0,0.0
11,0,0.0,0.0
12,0,0.0,0.0
13,0,0.0,0.0
14,0,0.0,0.0
15,0,0.0,0.0
16,0,0.0,0.0
17,0,0.0,0.0
18,0,0.0,0.0
19,0,0.0,0.0
20,0,0.0,0.0
21,0,0.0,0.0
22,0,0.0,0.0
23,0,0.0,0.0
24,0,0.0,0.0
25,0,0.0,0.0
26,0,0.0,0.0
27,0,0.0,0.0
28,0,0.0,0.0
29,0,0.0,0.0
30,0,0.0,0.0
31,0,0.0,0.0
32,0,0.0,0.0
33,0,0.0,0.0
34,0,0.0,0.0
35,0,0.0,0.0
36,0,0.0,0.0
37,0,0.0,0.0
38,0,0.0,0.0
39,0,0.0,0.0
40,0,0.0,0.0
41,0,0.0,0.0
42,0,0.0,0.0
43,0,0.0,0.0
44,0,0.0,0.0
45,0,0.0,0.0
46,0,0.0,0.0
47,0,0.0,0.0
48,0,0.0,0.0
49,0,0.0,0.0
50,0,0.0,0.0
51,0,0.0,0.0
52,0,0.0,0.0
53,0,0.0,0.0
54,0,0.0,0.0
55,0,0.0,0.0
56,0,0.0,0.0
57,0,0.0,0.0
58,0,0.0,0.0
59,0,0.0,0.0
60,0,0.0,0.0
61,0,0.0,0.0
62,0,0.0,0.0
63,0,0.0,0.0
64,0,0.0,0.0
65,0,0.0,0.0
66,0,0.0,0.0
67,0,0.0,0.0
68,0,0.0,0.0
69,0,0.0,0.0
70,0,0.0,0.0
71,0,0.0,0.0
72,0,0.0,0.0
73,0,0.0,0.0
74,0,0.0,0.0
75,0,0.0,0.0
76,0,0.0,0.0
77,0,0.0,0.0
78,0,0.0,0.0
79,0,0.0,0.0
80,0,0.0,0.0
81,0,0.0,0.0
82,0,0.0,0.0
83,0,0.0,0.0
84,0,0.0,0.0
85,0,0.0,0.0
86,0,0.0,0.0
87,0,0.0,0.0
88,0,0.0,0.0
89,0,0.0,0.0
90,0,0.0,0.0
91,0,0.0,0.0
92,0,0.0,0.0
93,0,0.0,0.0
94,0,0.0,0.0
95,0,0.0,0.0
96,0,0.0,0.0
97,0,0.0,0.0
98,0,0.0,0.0
99,0,0.0,0.0
100,0,0.0,0.0
101,0,0.0,0.0
102,0,0.0,0.0
103,0,0.0,0.0
104,0,0.0,0.0
105,0,0.0,0.0
106,0,0.0,0.0
107,0,0.0,0.0
108,0,0.0,0.0
109,0,0.0,0.0
110,0,0.0,0.0
111,0,0.0,0.0
112,0,0.0,0.0
113,0,0.0,0.0
114,0,0.0,0.0
115,0,0.0,0.0
116,0,0.0,0.0
117,0,0.0,0.0
118,0,0.0,0.0
119,0,0.0,0.0
120,0,0.0,0.0
121,0,0.0,0.0
122,0,0.0,0.0
123,0,0.0,0.0
124,0,0.0,0.0
125,0,0.0,0.0
126,0,0.0,0.0
127,0,0.0,0.0
128,0,0.0,0.0
129,0,0.0,0.0
130,0,0.0,0.0
131,0,0.0,0.0
132,0,0.0,0.0
133,0,0.0,0.0
134,0,0.0,0.0
135,0,0.0,0.0
136,0,0.0,0.0
137,0,0.0,0.0
138,0,0.0,0.0
139,0,0.0,0.0
140,0,0.0,0.0
141,0,0.0,0.0
142,0,0.0,0.0
143,0,0.0,0.0
144,0,0.0,0.0
145,0,0.0,0.0
146,0,0.0,0.0
147,0,0.0,0.0
148,0,0.0,0.0
149,0,0.0,0.0
150,0,0.0,0.0
151,0,0.0,0.0
152,0,0.0,0.0
153,0,0.0,0.0
154,0,0.0,0.0
155,0,0.0,0.0
156,0,0.0,0.0
157,0,0.0,0.0
158,0,0.0,0.0
159,0,0.0,0.0
160,0,0.0,0.0
161,0,0.0,0.0
162,0,0.0,0.0
163,0,0.0,0.0
164,0,0.0,0.0
165,0,0.0,0.0
166,0,0.0,0.0
167,0,0.0,0.0
168,0,0.0,0.0
169,0,0.0,0.0
170,0,0.0,0.0
171,0,0.0,0.0
172,0,0.0,0.0
173,0,0.0,0.0
174,0,0.0,0.0
175,0,0.0,0.0
176,0,0.0,0.0
177,0,0.0,0.0
178,0,0.0,0.0
179,0,0.0,0.0
180,0,0.0,0.0
181,0,0.0,0.0
182,0,0.0,0.0
183,0,0.0,0.0
184,0,0.0,0.0
185,0,0.0,0.0
186,0,0.0,0.0
187,0,0.0,0.0
188,0,0.0,0.0
189,0,0.0,0.0
190,0,0.0,0.0
191,0,0.0,0.0
192,0,0.0,0.0
193,0,0.0,0.0
194,0,0.0,0.0
195,0,0.0,0.0
196,0,0.0,0.0
197,0,0.0,0.0
198,0,0.0,0.0
199,0,0.0,0.0
200,0,0.0,0.0
201,0,0.0,0.0
202,0,0.0,0.0
203,0,0.0,0.0
204,0,0.0,0.0
205,0,0.0,0.0
206,0,0.0,0.0
207,0,0.0,0.0
208,0,0.0,0.0
209,0,0.0,0.0
210,0,0.0,0.0
211,0,0.0,0.0
212,0,0.0,0.0
213,0,0.0,0.0
214,0,0.0,0.0
215,0,0.0,0.0
216,0,0.0,0.0
217,0,0.0,0.0
218,0,0.0,0.0
219,0,0.0,0.0
220,0,0.0,0.0
221,0,0.0,0.0
222,0,0.0,0.0
223,0,0.0,0.0
224,0,0.0,0.0
225,0,0.0,0.0
226,0,0.0,0.0
227,0,0.0,0.0
228,0,0.0,0.0
229,0,0.0,0.0
230,0,0.0,0.0
231,0,0.0,0.0
232,0,0.0,0.0
233,0,0.0,0.0
234,0,0.0,0.0
235,0,0.0,0.0
236,0,0.0,0.0
237,0,0.0,0.0
238,0,0.0,0.0
239,0,0.0,0.0
240,0,0.0,0.0
241,0,0.0,0.0
242,0,0.0,0.0
243,0,0.0,0.0
244,0,0.0,0.0
245,0,0.0,0.0
246,0,0.0,0.0
247,0,0.0,0.0
248,0,0.0,0.0
249,0,0.0,0.0
250,0,0.0,0.0
251,0,0.0,0.0
252,0,0.0,0.0
253,0,0.0,0.0
254,0,0.0,0.0
255,0,0.0,0.0
256,0,0.0,0.0
257,0,0.0,0.0
258,0,0.0,0.0
259,0,0.0,0.0
260,0,0.0,0.0
261,0,0.0,0.0
262,1,15.0,15.0
263,1,20.9,20.9
264,1,23.9,23.9
265,1,26.2,26.2
266,1,26.1,26.2
267,1,41.8,41.8
268,1,46.4,46.4
269,1,42.8,46.4
270,1,43.4,46.4
271,1,40.3,46.4
272,1,48.2,48.2
273,1,50.8,50.8
274,1,52.4,52.4
275,1,47.9,52.4
276,1,46.2,52.4
277,1,42.7,52.4
278,1,51.9,52.4
279,1,64.6,64.6
280,1,68.5,68.5
281,1,67.5,68.5
282,1,67.7,68.5
283,1,69.4,69.4
284,1,73.7,73.7
285,1,74.3,74.3
286,1,68.6,74.3
287,1,67.0,74.3
288,1,66.3,74.3
289,1,64.3,74.3
290,1,60.2,74.3
291,1,64.0,74.3
292,1,66.2,74.3
293,1,63.5,74.3
294,1,59.7,74.3
295,1,61.9,74.3
296,1,63.9,74.3
297,1,84.5,84.5
298,1,84.8,84.8
299,1,89.2,89.2
300,1,97.0,97.0
301,1,93.5,97.0
302,1,91.0,97.0
303,1,92.0,97.0
304,1,89.5,97.0
305,1,90.5,97.0
306,1,83.8,97.0
307,1,86.3,97.0
308,1,83.3,97.0
309,1,102.0,102.0
310,1,99.8,102.0
311,-1,11.9,11.9
312,-1,14.1,14.1
313,-1,12.2,14.1
314,-1,10.3,14.1
315,-1,9.9,14.1
316,-1,12.9,14.1
317,-1,18.2,18.2
318,-1,16.2,18.2
319,-1,21.9,21.9
320,-1,21.8,21.9
321,-1,24.2,24.2
322,-1,22.5,24.2
323,-1,21.0,24.2
324,-1,25.0,25.0
325,-1,24.1,25.0
326,-1,24.6,25.0
327,-1,21.8,25.0
328,-1,15.4,25.0
329,-1,14.8,25.0
330,-1,14.1,25.0
331,-1,13.7,25.0
332,-1,15.1,25.0
333,-1,23.4,25.0
334,-1,40.3,40.3
335,-1,43.0,43.0
336,-1,42.8,43.0
337,-1,45.7,45.7
338,-1,40.0,45.7
339,-1,42.9,45.7
340,-1,48.8,48.8
341,-1,64.1,64.1
342,1,0.0,0.0
343,1,23.4,23.4
344,1,25.0,25.0
345,1,15.5,25.0
346,1,13.7,25.0
347,1,22.8,25.0
348,1,31.3,31.3
349,1,38.7,38.7
350,1,37.8,38.7
351,1,44.1,44.1
352,1,57.1,57.1
353,1,58.7,58.7
354,1,60.9,60.9
355,1,66.4,66.4
356,1,86.4,86.4
357,1,84.4,86.4
358,1,89.9,89.9
359,1,91.9,91.9
360,1,86.1,91.9
361,1,85.6,91.9
362,1,95.3,95.3
363,1,84.6,95.3
364,1,83.4,95.3
365,1,80.5,95.3
366,1,80.4,95.3
367,1,79.9,95.3
368,1,82.9,95.3
369,1,82.3,95.3
370,1,81.7,95.3
371,1,78.4,95.3
372,1,74.8,95.3
373,1,67.2,95.3
374,1,70.2,95.3
375,1,67.3,95.3
376,1,59.5,95.3
377,1,57.6,95.3
378,1,62.3,95.3
379,1,58.5,95.3
380,1,54.1,95.3
381,1,49.8,95.3
382,1,47.4,95.3
383,1,46.1,95.3
384,1,66.0,95.3
385,1,81.2,95.3
386,1,79.2,95.3
387,1,86.8,95.3
388,1,85.7,95.3
389,1,82.8,95.3
390,1,84.7,95.3
391,1,83.9,95.3
392,1,78.6,95.3
393,1,76.8,95.3
394,1,73.9,95.3
395,1,77.4,95.3
396,1,83.6,95.3
397,1,82.7,95.3
398,1,86.4,95.3
399,1,79.0,95.3
400,1,73.0,95.3
401,1,68.0,95.3
402,1,66.7,95.3
403,1,70.6,95.3
404,1,79.0,95.3
405,1,77.0,95.3
406,1,75.1,95.3
407,1,71.2,95.3
408,1,73.9,95.3
409,1,71.4,95.3
410,1,72.3,95.3
411,1,72.9,95.3
412,1,75.2,95.3
413,1,72.5,95.3
414,1,71.1,95.3
415,1,70.2,95.3
416,1,71.7,95.3
417,1,69.5,95.3
418,1,68.7,95.3
419,1,71.6,95.3
420,1,83.4,95.3
421,1,83.3,95.3
422,1,80.5,95.3
423,1,79.6,95.3
424,1,79.9,95.3
425,1,66.4,95.3
426,1,66.2,95.3
427,1,70.2,95.3
428,1,71.8,95.3
429,1,72.4,95.3
430,1,69.7,95.3
431,1,71.4,95.3
432,1,72.1,95.3
433,1,70.9,95.3
434,1,72.5,95.3
435,1,72.1,95.3
436,1,74.0,95.3
437,1,74.4,95.3
438,1,79.4,95.3
439,1,79.3,95.3
440,1,81.9,95.3
441,1,78.2,95.3
442,1,76.7,95.3
443,1,78.3,95.3
444,1,77.8,95.3
445,1,75.2,95.3
446,1,74.6,95.3
447,1,72.3,95.3
448,1,73.8,95.3
449,1,76.6,95.3
450,1,75.9,95.3
451,1,77.9,95.3
452,1,75.5,95.3
453,1,76.6,95.3
454,1,103.4,103.4
455,1,112.6,112.6
456,1,107.3,112.6
457,1,106.7,112.6
458,1,104.9,112.6
459,1,132.6,132.6
460,1,151.9,151.9
461,1,148.7,151.9
462,1,151.6,151.9
463,1,155.7,155.7
464,1,170.2,170.2
465,1,176.5,176.5
466,1,174.7,176.5
467,1,175.2,176.5
468,1,168.4,176.5
469,1,159.2,176.5
470,1,165.9,176.5
471,1,165.2,176.5
472,1,160.1,176.5
473,1,170.1,176.5
474,1,171.8,176.5
475,1,173.1,176.5
476,1,182.1,182.1
477,1,192.1,192.1
478,1,192.2,192.2
479,1,185.9,192.2
480,1,186.8,192.2
481,1,188.5,192.2
482,1,187.5,192.2
483,1,191.0,192.2
484,1,193.8,193.8
485,-1,2.3,2.3
486,-1,2.6,2.6
487,-1,8.0,8.0
488,-1,9.8,9.8
489,-1,14.2,14.2
490,-1,18.1,18.1
491,-1,18.4,18.4
492,-1,15.4,18.4
493,-1,16.2,18.4
494,-1,19.5,19.5
495,-1,16.2,19.5
496,-1,12.8,19.5
497,-1,12.3,19.5
498,-1,13.7,19.5
499,-1,13.8,19.5
500,-1,14.0,19.5
501,-1,12.3,19.5
502,-1,12.3,19.5
503,-1,13.6,19.5
504,-1,13.2,19.5
505,-1,12.5,19.5
506,-1,12.8,19.5
507,-1,16.3,19.5
508,-1,16.1,19.5
509,-1,17.1,19.5
510,-1,15.9,19.5
511,-1,15.7,19.5
512,-1,9.4,19.5
513,-1,8.7,19.5
514,-1,8.5,19.5
515,-1,9.7,19.5
516,-1,9.2,19.5
517,-1,9.2,19.5
518,-1,9.0,19.5
519,-1,8.7,19.5
520,-1,10.6,19.5
521,-1,10.1,19.5
522,-1,7.6,19.5
523,-1,8.5,19.5
524,-1,8.5,19.5
525,-1,8.1,19.5
526,-1,8.1,19.5
527,-1,9.5,19.5
528,-1,7.9,19.5
529,-1,7.5,19.5
530,-1,5.4,19.5
531,-1,6.0,19.5
532,-1,6.2,19.5
533,-1,6.2,19.5
534,-1,6.9,19.5
535,-1,6.7,19.5
536,-1,6.2,19.5
537,-1,6.0,19.5
538,-1,6.1,19.5
539,-1,5.1,19.5
540,-1,10.8,19.5
541,-1,9.8,19.5
542,-1,9.9,19.5
543,-1,9.9,19.5
544,-1,9.6,19.5
545,-1,9.6,19.5
546,-1,8.8,19.5
547,-1,9.3,19.5
548,-1,9.2,19.5
549,-1,10.2,19.5
550,-1,14.4,19.5
551,-1,15.7,19.5
552,-1,15.6,19.5
553,-1,16.1,19.5
554,-1,15.6,19.5
555,-1,18.9,19.5
556,-1,19.5,19.5
557,-1,13.4,19.5
558,-1,12.8,19.5
559,-1,12.8,19.5
560,-1,13.7,19.5
561,-1,13.1,19.5
562,-1,12.8,19.5
563,-1,12.7,19.5
564,-1,12.6,19.5
565,-1,13.5,19.5
566,-1,14.1,19.5
567,-1,14.0,19.5
568,-1,14.5,19.5
569,-1,15.3,19.5
570,-1,14.8,19.5
571,-1,14.6,19.5
572,-1,14.0,19.5
573,-1,13.8,19.5
574,-1,14.3,19.5
575,-1,14.7,19.5
576,-1,16.9,19.5
577,-1,16.0,19.5
578,-1,16.5,19.5
579,-1,16.4,19.5
580,-1,16.8,19.5
581,-1,17.1,19.5
582,-1,16.0,19.5
583,-1,16.2,19.5
584,-1,15.9,19.5
585,-1,15.8,19.5
586,-1,15.0,19.5
587,-1,16.7,19.5
588,-1,16.6,19.5
589,-1,18.1,19.5
590,-1,18.4,19.5
591,-1,18.0,19.5
592,-1,18.8,19.5
593,-1,32.6,32.6
594,-1,39.7,39.7
595,-1,35.3,39.7
596,-1,35.1,39.7
597,-1,38.4,39.7
598,-1,38.9,39.7
599,-1,40.3,40.3
600,-1,39.0,40.3
601,-1,42.5,42.5
602,-1,40.8,42.5
603,-1,36.1,42.5
604,-1,36.4,42.5
605,-1,37.4,42.5
606,-1,37.7,42.5
607,-1,38.3,42.5
608,-1,38.9,42.5
609,-1,39.9,42.5
610,-1,40.6,42.5
611,-1,40.8,42.5
612,-1,40.4,42.5
613,-1,42.1,42.5
614,-1,45.8,45.8
615,-1,45.5,45.8
616,-1,43.8,45.8
617,-1,44.1,45.8
618,-1,41.0,45.8
619,-1,40.9,45.8
620,-1,40.8,45.8
621,-1,40.9,45.8
622,-1,42.1,45.8
623,-1,44.6,45.8
624,-1,50.4,50.4
625,-1,51.4,51.4
626,-1,50.3,51.4
627,-1,49.6,51.4
628,-1,53.8,53.8
629,-1,53.6,53.8
630,-1,57.5,57.5
631,-1,62.1,62.1
632,-1,78.5,78.5
633,-1,81.8,81.8
634,-1,92.7,92.7
635,-1,97.6,97.6
636,-1,95.4,97.6
637,-1,96.8,97.6
638,-1,89.4,97.6
639,-1,80.6,97.6
640,-1,95.9,97.6
641,-1,93.7,97.6
642,-1,91.6,97.6
643,-1,91.1,97.6
644,-1,89.7,97.6
645,-1,93.2,97.6
646,-1,92.5,97.6
647,-1,104.7,104.7
648,-1,107.8,107.8
649,-1,105.7,107.8
650,-1,104.8,107.8
651,-1,110.9,110.9
652,-1,101.9,110.9
653,-1,102.5,110.9
654,-1,106.1,110.9
655,-1,105.8,110.9
656,-1,93.0,110.9
657,-1,88.8,110.9
658,-1,88.3,110.9
659,-1,92.7,110.9
660,-1,91.6,110.9
661,-1,89.6,110.9
662,-1,91.2,110.9
663,-1,91.0,110.9
664,-1,94.5,110.9
665,-1,96.6,110.9
666,-1,103.6,110.9
667,-1,107.0,110.9
668,-1,115.8,115.8
669,-1,117.8,117.8
670,-1,115.8,117.8
671,-1,115.2,117.8
672,-1,120.6,120.6
673,-1,131.5,131.5
674,-1,150.0,150.0
675,-1,154.4,154.4
676,-1,149.7,154.4
677,-1,162.9,162.9
678,1,0.0,0.0
679,1,31.9,31.9
680,1,27.6,31.9
681,1,23.1,31.9
682,1,29.6,31.9
683,1,36.4,36.4
684,1,39.2,39.2
685,1,28.9,39.2
686,1,27.0,39.2
687,1,29.3,39.2
688,1,27.8,39.2
689,1,26.6,39.2
690,1,25.4,39.2
691,1,17.6,39.2
692,1,22.2,39.2
693,1,27.5,39.2
694,1,26.8,39.2
695,1,29.0,39.2
696,1,35.8,39.2
697,1,38.0,39.2
698,1,42.7,42.7
699,1,45.4,45.4
700,1,43.6,45.4
701,1,35.6,45.4
702,1,33.5,45.4
703,1,34.0,45.4
704,1,35.8,45.4
705,1,38.4,45.4
706,1,41.1,45.4
707,1,39.3,45.4
708,1,40.1,45.4
709,1,42.9,45.4
710,1,44.4,45.4
711,1,42.3,45.4
712,1,42.2,45.4
713,1,40.8,45.4
714,1,38.0,45.4
715,1,34.1,45.4
716,1,32.1,45.4
717,1,31.6,45.4
718,1,28.1,45.4
719,1,25.4,45.4
720,1,23.9,45.4
721,1,22.6,45.4
722,1,21.0,45.4
723,1,25.0,45.4
724,1,26.4,45.4
725,1,25.3,45.4
726,1,29.4,45.4
727,1,37.4,45.4
728,1,37.5,45.4
729,1,39.0,45.4
730,1,36.7,45.4
731,1,36.0,45.4
732,1,34.3,45.4
733,1,31.5,45.4
734,1,38.0,45.4
735,1,38.9,45.4
736,1,36.5,45.4
737,1,37.7,45.4
738,1,37.6,45.4
739,1,35.4,45.4
740,1,36.2,45.4
741,1,40.4,45.4
742,1,43.0,45.4
743,1,42.7,45.4
744,1,42.1,45.4
745,1,41.2,45.4
746,1,39.4,45.4
747,1,34.2,45.4
748,1,33.3,45.4
749,1,32.6,45.4
750,1,35.3,45.4
751,1,34.0,45.4
752,1,34.8,45.4
753,1,36.1,45.4
754,1,37.1,45.4
755,1,37.8,45.4
756,1,36.3,45.4
757,1,35.3,45.4
758,1,34.7,45.4
759,1,34.4,45.4
760,1,36.0,45.4
761,1,35.5,45.4
762,1,35.8,45.4
763,1,39.9,45.4
764,1,36.1,45.4
765,1,37.6,45.4
766,1,38.1,45.4
767,1,40.3,45.4
768,1,57.1,57.1
769,1,53.2,57.1
770,1,57.5,57.5
771,1,56.6,57.5
772,1,55.2,57.5
773,1,56.2,57.5
774,1,57.9,57.9
775,1,53.6,57.9
776,1,53.8,57.9
777,1,54.7,57.9
778,1,55.2,57.9
779,1,55.1,57.9
780,1,57.2,57.9
781,1,57.4,57.9
782,1,54.4,57.9
783,1,54.1,57.9
784,1,51.4,57.9
785,1,53.2,57.9
786,1,52.9,57.9
787,1,53.7,57.9
788,1,53.3,57.9
789,1,54.4,57.9
790,1,56.0,57.9
791,1,55.9,57.9
792,1,56.9,57.9
793,1,56.4,57.9
794,1,56.4,57.9
795,1,53.9,57.9
796,1,55.2,57.9
797,1,61.7,61.7
798,1,61.3,61.7
799,1,61.1,61.7
800,1,50.9,61.7
801,1,45.3,61.7
802,1,44.5,61.7
803,1,45.3,61.7
804,1,46.0,61.7
805,1,46.8,61.7
806,1,45.7,61.7
807,1,44.2,61.7
808,1,45.3,61.7
809,1,44.9,61.7
810,1,44.3,61.7
811,1,43.6,61.7
812,1,45.0,61.7
813,1,48.8,61.7
814,1,48.5,61.7
815,1,48.3,61.7
816,1,49.5,61.7
817,1,50.0,61.7
818,1,48.7,61.7
819,1,49.8,61.7
820,1,51.5,61.7
821,1,51.5,61.7
822,1,52.0,61.7
823,1,54.7,61.7
824,1,55.2,61.7
825,1,54.9,61.7
826,1,59.8,61.7
827,1,66.4,66.4
828,1,63.7,66.4
829,1,65.7,66.4
830,1,68.9,68.9
831,1,64.3,68.9
832,1,65.9,68.9
833,1,61.1,68.9
834,1,61.1,68.9
835,1,60.4,68.9
836,1,62.5,68.9
837,1,63.1,68.9
838,1,62.2,68.9
839,1,63.8,68.9
840,1,63.1,68.9
841,1,61.6,68.9
842,1,60.1,68.9
843,1,61.0,68.9
844,1,61.9,68.9
845,1,63.0,68.9
846,1,63.3,68.9
847,1,63.7,68.9
848,1,62.7,68.9
849,1,64.3,68.9
850,1,64.4,68.9
851,1,66.0,68.9
852,1,68.5,68.9
853,-1,13.3,13.3
854,-1,12.5,13.3
855,-1,10.4,13.3
856,-1,10.0,13.3
857,-1,14.4,14.4
858,-1,16.7,16.7
859,-1,13.3,16.7
860,-1,11.1,16.7
861,-1,13.3,16.7
862,-1,11.2,16.7
863,-1,12.3,16.7
864,-1,14.5,16.7
865,-1,12.9,16.7
866,-1,11.7,16.7
867,-1,10.9,16.7
868,-1,10.3,16.7
869,-1,12.9,16.7
870,-1,12.9,16.7
871,-1,14.1,16.7
872,-1,18.1,18.1
873,-1,23.5,23.5
874,-1,26.8,26.8
875,-1,21.5,26.8
876,-1,23.4,26.8
877,-1,24.6,26.8
878,-1,23.4,26.8
879,-1,23.4,26.8
880,-1,32.4,32.4
881,-1,32.9,32.9
882,-1,32.2,32.9
883,-1,34.6,34.6
884,-1,33.9,34.6
885,-1,36.7,36.7
886,-1,30.7,36.7
887,-1,31.2,36.7
888,-1,31.6,36.7
889,-1,30.0,36.7
890,-1,27.8,36.7
891,-1,26.8,36.7
892,-1,29.0,36.7
893,-1,34.0,36.7
894,-1,39.3,39.3
895,-1,40.0,40.0
896,-1,41.7,41.7
897,-1,41.1,41.7
898,-1,40.2,41.7
899,-1,40.4,41.7
900,-1,42.3,42.3
901,-1,38.7,42.3
902,-1,43.9,43.9
903,-1,45.5,45.5
904,-1,45.8,45.8
905,-1,46.5,46.5
906,-1,49.5,49.5
907,-1,49.8,49.8
908,-1,51.6,51.6
909,-1,53.3,53.3
910,1,0.0,0.0
911,1,9.6,9.6
912,1,17.2,17.2
913,1,21.2,21.2
914,1,25.8,25.8
915,1,22.7,25.8
916,1,28.3,28.3
917,1,27.1,28.3
918,1,23.4,28.3
919,1,23.1,28.3
920,1,21.0,28.3
921,1,25.3,28.3
922,1,30.8,30.8
923,1,45.9,45.9
924,1,48.4,48.4
925,1,50.6,50.6
926,1,48.6,50.6
927,1,51.4,51.4
928,1,49.2,51.4
929,1,45.5,51.4
930,1,45.3,51.4
931,1,43.1,51.4
932,1,37.3,51.4
933,1,41.0,51.4
934,1,61.5,61.5
935,1,70.6,70.6
936,1,68.2,70.6
937,1,71.6,71.6
938,1,149.8,149.8
939,-1,32.3,32.3
940,-1,27.7,32.3
941,-1,32.1,32.3
942,-1,23.6,32.3
943,-1,25.9,32.3
944,-1,24.6,32.3
945,-1,39.0,39.0
946,-1,46.4,46.4
947,-1,39.8,46.4
948,-1,39.1,46.4
949,-1,41.9,46.4
950,-1,45.4,46.4
951,-1,47.3,47.3
952,-1,44.6,47.3
953,-1,45.6,47.3
954,-1,38.4,47.3
955,-1,37.0,47.3
956,-1,41.9,47.3
957,-1,40.8,47.3
958,-1,43.1,47.3
959,-1,50.8,50.8
960,-1,48.6,50.8
961,-1,47.8,50.8
962,-1,46.3,50.8
963,-1,53.2,53.2
964,-1,54.7,54.7
965,-1,54.2,54.7
966,-1,53.4,54.7
967,-1,52.3,54.7
968,-1,47.1,54.7
969,-1,50.5,54.7
970,-1,46.5,54.7
971,-1,47.6,54.7
972,-1,46.9,54.7
973,-1,50.7,54.7
974,-1,50.1,54.7
975,-1,52.3,54.7
976,-1,51.9,54.7
977,-1,51.2,54.7
978,-1,47.0,54.7
979,-1,50.2,54.7
980,-1,58.9,58.9
981,-1,57.1,58.9
982,-1,58.4,58.9
983,-1,58.3,58.9
984,-1,59.7,59.7
985,-1,59.5,59.7
986,-1,77.0,77.0
987,-1,84.5,84.5
988,-1,78.6,84.5
989,-1,77.8,84.5
990,-1,80.6,84.5
991,-1,76.9,84.5
992,-1,79.4,84.5
993,-1,83.6,84.5
994,-1,93.6,93.6
995,-1,93.1,93.6
996,-1,91.3,93.6
997,-1,86.2,93.6
998,-1,80.2,93.6
999,-1,77.3,93.6
1000,-1,83.6,93.6
1001,-1,91.6,93.6
1002,-1,90.3,93.6
1003,-1,86.4,93.6
1004,-1,90.9,93.6
1005,-1,91.8,93.6
1006,-1,91.0,93.6
1007,-1,90.2,93.6
1008,-1,86.3,93.6
1009,-1,81.7,93.6
1010,-1,82.3,93.6
1011,-1,82.1,93.6
1012,-1,77.4,93.6
1013,-1,77.9,93.6
1014,-1,81.0,93.6
1015,-1,87.0,93.6
1016,-1,86.7,93.6
1017,-1,88.7,93.6
1018,-1,88.1,93.6
1019,-1,98.2,98.2
1020,-1,96.0,98.2
1021,-1,87.9,98.2
1022,-1,90.8,98.2
1023,-1,90.4,98.2
1024,-1,88.6,98.2
1025,-1,89.6,98.2
1026,-1,89.6,98.2
1027,-1,90.7,98.2
1028,-1,92.4,98.2
1029,-1,92.0,98.2
1030,-1,86.0,98.2
1031,-1,85.0,98.2
1032,-1,84.8,98.2
1033,-1,85.0,98.2
1034,-1,86.4,98.2
1035,-1,86.1,98.2
1036,-1,85.0,98.2
1037,-1,84.2,98.2
1038,-1,83.6,98.2
1039,-1,84.0,98.2
1040,-1,89.3,98.2
1041,-1,88.4,98.2
1042,-1,87.6,98.2
1043,-1,82.7,98.2
1044,-1,82.1,98.2
1045,-1,80.6,98.2
1046,-1,80.5,98.2
1047,-1,81.2,98.2
1048,-1,80.7,98.2
1049,-1,82.0,98.2
1050,-1,81.6,98.2
1051,-1,79.5,98.2
1052,-1,80.5,98.2
1053,-1,79.8,98.2
1054,-1,83.3,98.2
1055,-1,83.3,98.2
1056,-1,84.7,98.2
1057,-1,84.2,98.2
1058,-1,82.4,98.2
1059,-1,82.1,98.2
1060,-1,82.8,98.2
1061,-1,82.8,98.2
1062,-1,81.8,98.2
1063,-1,81.8,98.2
1064,-1,81.0,98.2
1065,-1,80.5,98.2
1066,-1,80.9,98.2
1067,-1,81.1,98.2
1068,-1,81.0,98.2
1069,-1,84.2,98.2
1070,-1,85.8,98.2
1071,-1,87.6,98.2
1072,-1,87.2,98.2
1073,-1,88.6,98.2
1074,-1,94.2,98.2
1075,-1,113.3,113.3
1076,-1,111.0,113.3
1077,-1,112.5,113.3
1078,-1,110.0,113.3
1079,-1,114.1,114.1
1080,-1,120.3,120.3
1081,-1,124.2,124.2
1082,-1,114.5,124.2
1083,-1,113.6,124.2
1084,-1,119.1,124.2
1085,-1,120.8,124.2
1086,-1,121.0,124.2
1087,-1,119.5,124.2
1088,-1,119.3,124.2
1089,-1,123.3,124.2
1090,-1,121.4,124.2
1091,-1,116.6,124.2
1092,-1,119.2,124.2
1093,-1,120.1,124.2
1094,-1,122.0,124.2
1095,-1,121.3,124.2
1096,-1,129.3,129.3
1097,-1,128.1,129.3
1098,-1,122.6,129.3
1099,-1,120.7,129.3
1100,-1,120.5,129.3
1101,-1,117.7,129.3
1102,-1,118.1,129.3
1103,-1,119.7,129.3
1104,-1,118.9,129.3
1105,-1,115.5,129.3
1106,-1,116.3,129.3
1107,-1,115.5,129.3
1108,-1,116.1,129.3
1109,-1,118.1,129.3
1110,-1,119.4,129.3
1111,-1,123.1,129.3
1112,-1,121.7,129.3
1113,-1,114.3,129.3
1114,-1,101.9,129.3
1115,-1,101.0,129.3
1116,-1,97.7,129.3
1117,-1,98.7,129.3
1118,-1,99.1,129.3
1119,-1,97.7,129.3
1120,-1,99.8,129.3
1121,-1,98.5,129.3
1122,-1,99.7,129.3
1123,-1,101.2,129.3
1124,-1,103.7,129.3
1125,-1,106.4,129.3
1126,-1,108.8,129.3
1127,-1,108.1,129.3
1128,-1,108.0,129.3
1129,-1,110.1,129.3
1130,-1,108.6,129.3
1131,-1,107.3,129.3
1132,-1,101.1,129.3
1133,-1,100.6,129.3
1134,-1,104.4,129.3
1135,-1,103.9,129.3
1136,-1,104.8,129.3
1137,-1,104.5,129.3
1138,-1,106.7,129.3
1139,-1,105.5,129.3
1140,-1,105.2,129.3
1141,-1,106.3,129.3
1142,-1,102.5,129.3
1143,-1,101.5,129.3
1144,-1,102.9,129.3
1145,-1,104.4,129.3
1146,-1,104.5,129.3
1147,-1,102.7,129.3
1148,-1,106.7,129.3
1149,-1,109.0,129.3
1150,-1,114.8,129.3
1151,-1,114.1,129.3
1152,-1,118.2,129.3
1153,-1,115.7,129.3
1154,-1,115.6,129.3
1155,-1,116.6,129.3
1156,-1,115.5,129.3
1157,-1,113.4,129.3
1158,-1,115.0,129.3
1159,-1,119.7,129.3
1160,-1,122.9,129.3
1161,-1,140.5,140.5
1162,-1,140.0,140.5
1163,-1,137.6,140.5
1164,-1,139.7,140.5
1165,-1,142.4,142.4
1166,-1,140.8,142.4
1167,-1,149.0,149.0
1168,-1,150.0,150.0
1169,-1,146.8,150.0
1170,-1,147.2,150.0
1171,-1,153.6,153.6
1172,-1,150.5,153.6
1173,-1,149.6,153.6
1174,-1,153.1,153.6
1175,-1,156.0,156.0
1176,-1,178.1,178.1
1177,-1,181.3,181.3
1178,-1,178.2,181.3
1179,-1,176.7,181.3
1180,-1,179.5,181.3
1181,-1,173.8,181.3
1182,-1,181.4,181.4
1183,-1,186.9,186.9
1184,-1,189.0,189.0
1185,-1,186.7,189.0
1186,-1,184.6,189.0
1187,-1,195.0,195.0
1188,-1,209.5,209.5
1189,-1,218.7,218.7
1190,-1,214.3,218.7
1191,-1,223.8,223.8
1192,-1,226.0,226.0
1193,-1,222.8,226.0
1194,-1,223.0,226.0
1195,-1,232.8,232.8
1196,-1,233.7,233.7
1197,-1,225.3,233.7
1198,-1,203.6,233.7
1199,-1,209.9,233.7
1200,-1,217.0,233.7
1201,-1,239.4,239.4
1202,-1,239.7,239.7
1203,-1,231.6,239.7
1204,-1,235.4,239.7
1205,-1,234.4,239.7
1206,-1,229.2,239.7
1207,-1,232.8,239.7
1208,-1,232.8,239.7
1209,-1,230.9,239.7
1210,-1,221.2,239.7
1211,-1,219.9,239.7
1212,-1,216.0,239.7
1213,-1,225.8,239.7
1214,-1,232.6,239.7
1215,-1,231.7,239.7
1216,-1,235.0,239.7
1217,-1,264.6,264.6
1218,-1,298.0,298.0
1219,-1,290.3,298.0
1220,-1,303.5,303.5
1221,-1,305.3,305.3
1222,-1,302.5,305.3
1223,-1,298.5,305.3
1224,-1,302.4,305.3
1225,-1,297.9,305.3
1226,-1,312.7,312.7
1227,-1,343.6,343.6
1228,-1,366.8,366.8
1229,-1,353.1,366.8
1230,-1,351.7,366.8
1231,-1,375.3,375.3
1232,-1,379.9,379.9
1233,-1,384.3,384.3
1234,-1,439.4,439.4
1235,-1,461.4,461.4
1236,-1,443.9,461.4
1237,-1,455.2,461.4
1238,-1,493.6,493.6
1239,-1,544.6,544.6
1240,-1,568.2,568.2
1241,-1,559.7,568.2
1242,-1,559.2,568.2
1243,-1,513.3,568.2
1244,-1,488.9,568.2
1245,-1,507.1,568.2
1246,-1,540.6,568.2
1247,-1,535.4,568.2
1248,-1,508.6,568.2
1249,-1,492.3,568.2
1250,-1,501.5,568.2
1251,-1,507.1,568.2
1252,-1,485.8,568.2
1253,-1,473.6,568.2
1254,-1,447.2,568.2
1255,-1,441.7,568.2
1256,-1,436.0,568.2
1257,-1,462.8,568.2
1258,-1,433.8,568.2
1259,-1,428.3,568.2
1260,-1,446.6,568.2
1261,-1,517.3,568.2
1262,-1,463.7,568.2
1263,-1,454.9,568.2
1264,-1,460.5,568.2
1265,-1,479.4,568.2
1266,-1,504.3,568.2
1267,-1,519.9,568.2
1268,-1,514.0,568.2
1269,-1,553.4,568.2
1270,-1,534.7,568.2
1271,-1,640.3,640.3
1272,-1,660.3,660.3
1273,-1,647.9,660.3
1274,-1,668.3,668.3
1275,-1,672.9,672.9
1276,-1,660.4,672.9
1277,-1,683.6,683.6
1278,-1,673.3,683.6
1279,-1,698.2,698.2
1280,-1,727.0,727.0
1281,-1,725.6,727.0
1282,-1,782.8,782.8
1283,-1,802.6,802.6
1284,-1,812.3,812.3
1285,-1,799.8,812.3
1286,-1,750.3,812.3
1287,-1,708.5,812.3
1288,-1,718.4,812.3
1289,-1,664.5,812.3
1290,-1,664.1,812.3
1291,-1,637.9,812.3
1292,-1,684.9,812.3
1293,-1,691.0,812.3
1294,-1,727.3,812.3
1295,-1,714.4,812.3
1296,-1,679.8,812.3
1297,-1,676.1,812.3
1298,-1,709.6,812.3
1299,-1,723.8,812.3
1300,-1,760.8,812.3
1301,-1,798.0,812.3
1302,-1,809.3,812.3
1303,-1,808.3,812.3
1304,-1,864.3,864.3
1305,-1,862.5,864.3
1306,-1,846.3,864.3
1307,-1,791.3,864.3
1308,-1,821.6,864.3
1309,-1,838.8,864.3
1310,-1,828.9,864.3
1311,-1,835.1,864.3
1312,-1,815.8,864.3
1313,-1,813.5,864.3
1314,-1,774.8,864.3
1315,-1,795.2,864.3
1316,-1,736.9,864.3
1317,-1,763.5,864.3
1318,-1,787.7,864.3
1319,-1,785.6,864.3
1320,-1,813.1,864.3
1321,-1,827.4,864.3
1322,-1,833.9,864.3
1323,-1,829.2,864.3
1324,-1,839.8,864.3
1325,-1,833.7,864.3
1326,-1,814.4,864.3
1327,-1,826.0,864.3
1328,-1,829.3,864.3
1329,-1,816.8,864.3
1330,-1,809.4,864.3
1331,-1,820.4,864.3
1332,-1,859.2,864.3
1333,-1,847.2,864.3
1334,-1,856.2,864.3
1335,-1,893.1,893.1
1336,1,0.0,0.0
1337,1,4.6,4.6
1338,1,7.9,7.9
1339,1,8.6,8.6
1340,1,22.8,22.8
1341,1,17.4,22.8
1342,1,18.9,22.8
1343,1,18.5,22.8
1344,1,23.5,23.5
1345,1,28.4,28.4
1346,1,26.5,28.4
1347,1,29.3,29.3
1348,1,26.4,29.3
1349,1,19.0,29.3
1350,1,18.1,29.3
1351,1,20.5,29.3
1352,1,19.4,29.3
1353,1,12.9,29.3
1354,1,14.4,29.3
1355,1,13.8,29.3
1356,1,19.3,29.3
1357,1,19.6,29.3
1358,1,15.8,29.3
1359,1,15.7,29.3
1360,1,13.0,29.3
1361,1,14.1,29.3
1362,1,18.8,29.3
1363,1,17.2,29.3
1364,1,26.6,29.3
1365,1,30.9,30.9
1366,1,26.3,30.9
1367,1,30.0,30.9
1368,1,34.4,34.4
1369,1,37.4,37.4
1370,1,37.0,37.4
1371,1,57.1,57.1
1372,1,49.1,57.1
1373,1,51.4,57.1
1374,1,48.6,57.1
1375,1,55.3,57.1
1376,1,50.5,57.1
1377,1,46.6,57.1
1378,1,44.3,57.1
1379,1,45.4,57.1
1380,1,49.4,57.1
1381,1,51.1,57.1
1382,1,51.5,57.1
1383,1,50.3,57.1
1384,1,47.8,57.1
1385,1,47.4,57.1
1386,1,45.3,57.1
1387,1,48.0,57.1
1388,1,49.2,57.1
1389,1,48.5,57.1
1390,1,51.7,57.1
1391,1,55.4,57.1
1392,1,53.1,57.1
1393,1,47.6,57.1
1394,1,47.3,57.1
1395,1,49.5,57.1
1396,1,49.3,57.1
1397,1,42.8,57.1
1398,1,41.5,57.1
1399,1,43.8,57.1
1400,1,45.0,57.1
1401,1,48.7,57.1
1402,1,49.2,57.1
1403,1,51.6,57.1
1404,1,55.0,57.1
1405,-1,12.5,12.5
1406,-1,16.9,16.9
1407,-1,18.0,18.0
1408,-1,18.6,18.6
1409,-1,10.9,18.6
1410,-1,16.5,18.6
1411,-1,18.0,18.6
1412,-1,21.6,21.6
1413,-1,20.2,21.6
1414,-1,17.3,21.6
1415,-1,14.3,21.6
1416,-1,17.0,21.6
1417,-1,19.9,21.6
1418,-1,18.0,21.6
1419,-1,17.5,21.6
1420,-1,17.3,21.6
1421,-1,14.2,21.6
1422,-1,14.7,21.6
1423,-1,15.1,21.6
1424,-1,16.3,21.6
1425,-1,16.3,21.6
1426,-1,12.6,21.6
1427,-1,12.0,21.6
1428,-1,12.2,21.6
1429,-1,9.6,21.6
1430,-1,8.7,21.6
1431,-1,10.1,21.6
1432,-1,8.6,21.6
1433,-1,6.3,21.6
1434,-1,11.2,21.6
1435,-1,10.5,21.6
1436,-1,13.4,21.6
1437,-1,15.8,21.6
1438,-1,18.3,21.6
1439,-1,32.6,32.6
1440,-1,29.8,32.6
1441,-1,33.6,33.6
1442,-1,32.8,33.6
1443,-1,37.5,37.5
1444,-1,37.8,37.8
1445,-1,38.3,38.3
1446,-1,32.4,38.3
1447,-1,30.4,38.3
1448,-1,31.0,38.3
1449,-1,34.8,38.3
1450,-1,40.5,40.5
1451,-1,44.1,44.1
1452,-1,45.8,45.8
1453,-1,49.0,49.0
1454,-1,49.6,49.6
1455,-1,49.8,49.8
1456,-1,48.3,49.8
1457,-1,52.9,52.9
1458,-1,53.6,53.6
1459,-1,51.5,53.6
1460,-1,53.4,53.6
1461,-1,50.9,53.6
1462,-1,47.7,53.6
1463,-1,50.6,53.6
1464,-1,57.1,57.1
1465,-1,58.1,58.1
1466,-1,57.4,58.1
1467,-1,60.2,60.2
1468,-1,58.4,60.2
1469,-1,56.8,60.2
1470,-1,57.0,60.2
1471,-1,56.4,60.2
1472,-1,56.9,60.2
1473,-1,57.8,60.2
1474,-1,55.7,60.2
1475,-1,53.9,60.2
1476,-1,56.5,60.2
1477,-1,60.0,60.2
1478,-1,61.6,61.6
1479,-1,60.3,61.6
1480,-1,64.1,64.1
1481,-1,66.5,66.5
1482,-1,66.9,66.9
1483,-1,51.4,66.9
1484,-1,51.6,66.9
1485,-1,50.6,66.9
1486,-1,47.7,66.9
1487,-1,49.0,66.9
1488,-1,50.1,66.9
1489,-1,51.2,66.9
1490,-1,54.6,66.9
1491,-1,54.8,66.9
1492,-1,53.7,66.9
1493,-1,55.6,66.9
1494,-1,54.3,66.9
1495,-1,51.4,66.9
1496,-1,41.1,66.9
1497,-1,42.2,66.9
1498,-1,44.9,66.9
1499,-1,45.5,66.9
1500,-1,39.3,66.9
1501,-1,42.0,66.9
1502,-1,43.1,66.9
1503,-1,38.8,66.9
1504,-1,38.2,66.9
1505,-1,42.5,66.9
1506,-1,54.6,66.9
1507,-1,54.2,66.9
1508,-1,56.7,66.9
1509,-1,57.5,66.9
1510,-1,64.0,66.9
1511,-1,74.7,74.7
1512,-1,73.6,74.7
1513,-1,75.7,75.7
1514,-1,74.0,75.7
1515,-1,77.0,77.0
1516,-1,80.5,80.5
1517,-1,80.1,80.5
1518,-1,80.4,80.5
1519,-1,82.5,82.5
1520,-1,94.7,94.7
1521,-1,93.1,94.7
1522,-1,91.3,94.7
1523,-1,94.0,94.7
1524,-1,99.0,99.0
1525,-1,106.0,106.0
1526,-1,105.0,106.0
1527,-1,96.9,106.0
1528,-1,91.4,106.0
1529,-1,90.7,106.0
1530,-1,96.8,106.0
1531,-1,95.7,106.0
1532,-1,90.7,106.0
1533,-1,93.5,106.0
1534,-1,94.8,106.0
1535,-1,93.1,106.0
1536,-1,93.2,106.0
1537,-1,93.3,106.0
1538,-1,98.4,106.0
1539,-1,96.2,106.0
1540,-1,95.1,106.0
1541,-1,93.7,106.0
1542,-1,90.9,106.0
1543,-1,95.7,106.0
1544,-1,108.1,108.1
1545,-1,110.2,110.2
1546,1,0.0,0.0
1547,1,12.2,12.2
1548,1,16.7,16.7
1549,1,14.0,16.7
1550,1,13.5,16.7
1551,1,13.9,16.7
1552,1,25.9,25.9
1553,1,26.4,26.4
1554,1,31.2,31.2
1555,1,33.3,33.3
1556,1,29.0,33.3
1557,1,26.2,33.3
1558,1,33.3,33.3
1559,1,34.0,34.0
1560,1,32.7,34.0
1561,1,29.9,34.0
1562,1,38.6,38.6
1563,1,38.3,38.6
1564,1,39.2,39.2
1565,1,30.7,39.2
1566,1,32.7,39.2
1567,1,31.2,39.2
1568,1,32.9,39.2
1569,1,43.1,43.1
1570,1,67.2,67.2
1571,1,52.9,67.2
1572,1,54.5,67.2
1573,1,47.2,67.2
1574,1,50.8,67.2
1575,1,53.9,67.2
1576,1,55.1,67.2
1577,1,55.4,67.2
1578,1,50.7,67.2
1579,1,58.0,67.2
1580,1,56.5,67.2
1581,1,55.9,67.2
1582,1,53.5,67.2
1583,1,58.6,67.2
1584,1,58.5,67.2
1585,1,56.2,67.2
1586,1,58.3,67.2
1587,1,55.7,67.2
1588,1,51.2,67.2
1589,1,52.4,67.2
1590,1,46.3,67.2
1591,1,46.9,67.2
1592,1,48.7,67.2
1593,1,46.2,67.2
1594,1,54.0,67.2
1595,1,57.0,67.2
1596,1,57.5,67.2
1597,1,58.0,67.2
1598,1,56.7,67.2
1599,1,55.6,67.2
1600,1,58.0,67.2
1601,1,58.5,67.2
1602,1,65.9,67.2
1603,1,66.1,67.2
1604,1,70.6,70.6
1605,1,70.9,70.9
1606,1,69.2,70.9
1607,1,73.0,73.0
1608,1,69.0,73.0
1609,1,66.1,73.0
1610,1,66.4,73.0
1611,1,67.9,73.0
1612,1,65.8,73.0
1613,1,65.7,73.0
1614,1,68.3,73.0
1615,1,69.0,73.0
1616,1,69.3,73.0
1617,1,70.8,73.0
1618,1,83.5,83.5
1619,1,87.1,87.1
1620,1,85.6,87.1
1621,-1,12.8,12.8
1622,-1,12.8,12.8
1623,-1,16.6,16.6
1624,-1,12.0,16.6
1625,-1,14.1,16.6
1626,-1,16.1,16.6
1627,-1,15.1,16.6
1628,-1,16.1,16.6
1629,-1,17.6,17.6
1630,-1,16.5,17.6
1631,-1,12.4,17.6
1632,-1,24.5,24.5
1633,-1,24.9,24.9
1634,-1,27.0,27.0
1635,-1,32.1,32.1
1636,-1,34.8,34.8
1637,-1,32.9,34.8
1638,-1,35.8,35.8
1639,-1,30.5,35.8
1640,-1,28.2,35.8
1641,-1,27.3,35.8
1642,-1,27.5,35.8
1643,-1,32.8,35.8
1644,-1,32.2,35.8
1645,-1,31.2,35.8
1646,-1,22.3,35.8
1647,-1,20.9,35.8
1648,-1,20.0,35.8
1649,-1,18.2,35.8
1650,-1,15.3,35.8
1651,-1,17.6,35.8
1652,-1,19.2,35.8
1653,-1,18.8,35.8
1654,-1,20.6,35.8
1655,-1,19.2,35.8
1656,-1,31.3,35.8
1657,-1,33.3,35.8
1658,-1,34.6,35.8
1659,-1,31.0,35.8
1660,-1,26.6,35.8
1661,-1,18.6,35.8
1662,-1,18.8,35.8
1663,-1,18.4,35.8
1664,-1,17.9,35.8
1665,-1,26.8,35.8
1666,-1,25.3,35.8
1667,-1,20.3,35.8
1668,-1,18.2,35.8
1669,-1,17.7,35.8
1670,-1,19.5,35.8
1671,-1,19.3,35.8
1672,-1,24.4,35.8
1673,-1,23.7,35.8
1674,-1,26.1,35.8
1675,-1,26.3,35.8
1676,-1,26.0,35.8
1677,-1,23.9,35.8
1678,-1,28.9,35.8
1679,-1,28.0,35.8
1680,-1,31.3,35.8
1681,-1,33.7,35.8
1682,-1,32.9,35.8
1683,-1,39.0,39.0
1684,1,0.0,0.0
1685,1,8.1,8.1
1686,1,11.4,11.4
1687,1,19.6,19.6
1688,1,26.1,26.1
1689,1,16.8,26.1
1690,1,17.4,26.1
1691,1,20.1,26.1
1692,1,18.6,26.1
1693,1,33.2,33.2
1694,1,35.8,35.8
1695,1,39.8,39.8
1696,1,39.7,39.8
1697,1,41.4,41.4
1698,1,58.9,58.9
1699,1,58.5,58.9
1700,1,56.3,58.9
1701,1,56.6,58.9
1702,1,55.2,58.9
1703,1,53.7,58.9
1704,1,56.6,58.9
1705,1,63.2,63.2
1706,1,49.9,63.2
1707,1,48.3,63.2
1708,1,55.3,63.2
1709,1,59.0,63.2
1710,1,58.3,63.2
1711,1,60.6,63.2
1712,1,65.4,65.4
1713,1,68.7,68.7
1714,1,67.5,68.7
1715,1,60.9,68.7
1716,1,65.6,68.7
1717,1,69.5,69.5
1718,1,70.7,70.7
1719,1,66.4,70.7
1720,1,69.9,70.7
1721,1,68.9,70.7
1722,1,82.6,82.6
1723,1,84.7,84.7
1724,1,87.8,87.8
1725,1,94.8,94.8
1726,1,118.9,118.9
1727,1,120.9,120.9
1728,1,133.6,133.6
1729,1,140.7,140.7
1730,1,127.3,140.7
1731,1,128.1,140.7
1732,1,122.5,140.7
1733,1,125.1,140.7
1734,1,122.7,140.7
1735,1,127.9,140.7
1736,1,127.7,140.7
1737,1,127.4,140.7
1738,1,126.0,140.7
1739,1,124.0,140.7
1740,1,126.5,140.7
1741,1,127.8,140.7
1742,1,123.7,140.7
1743,1,132.1,140.7
1744,1,130.3,140.7
1745,1,129.2,140.7
1746,1,126.7,140.7
1747,1,123.7,140.7
1748,1,111.2,140.7
1749,1,123.7,140.7
1750,1,121.8,140.7
1751,1,123.8,140.7
1752,1,122.5,140.7
1753,1,122.2,140.7
1754,1,119.8,140.7
1755,1,124.2,140.7
1756,1,120.1,140.7
1757,1,119.5,140.7
1758,1,126.6,140.7
1759,1,131.5,140.7
1760,1,141.6,141.6
1761,1,172.0,172.0
1762,1,179.0,179.0
1763,1,183.8,183.8
1764,1,183.1,183.8
1765,1,183.0,183.8
1766,-1,10.4,10.4
1767,-1,10.4,10.4
1768,-1,11.3,11.3
1769,-1,13.4,13.4
1770,-1,10.7,13.4
1771,-1,11.8,13.4
1772,-1,12.9,13.4
1773,-1,13.1,13.4
1774,-1,14.0,14.0
1775,-1,12.8,14.0
1776,-1,11.7,14.0
1777,-1,9.2,14.0
1778,-1,8.4,14.0
1779,-1,10.8,14.0
1780,-1,6.0,14.0
1781,-1,6.6,14.0
1782,-1,8.9,14.0
1783,-1,10.2,14.0
1784,-1,10.0,14.0
1785,-1,13.8,14.0
1786,-1,16.0,16.0
1787,-1,14.3,16.0
1788,-1,13.0,16.0
1789,-1,10.6,16.0
1790,-1,8.0,16.0
1791,-1,9.0,16.0
1792,-1,10.7,16.0
1793,-1,11.7,16.0
1794,-1,13.0,16.0
1795,-1,13.3,16.0
1796,-1,16.9,16.9
1797,-1,20.2,20.2
1798,-1,21.8,21.8
1799,-1,19.0,21.8
1800,-1,20.1,21.8
1801,-1,17.6,21.8
1802,-1,17.6,21.8
1803,-1,16.5,21.8
1804,-1,12.2,21.8
1805,-1,18.0,21.8
1806,-1,21.5,21.8
1807,-1,22.3,22.3
1808,-1,23.1,23.1
1809,-1,21.5,23.1
1810,-1,19.3,23.1
1811,-1,19.1,23.1
1812,-1,19.7,23.1
1813,-1,18.3,23.1
1814,-1,19.1,23.1
1815,-1,18.8,23.1
1816,-1,18.9,23.1
1817,-1,21.7,23.1
1818,-1,20.6,23.1
1819,-1,21.6,23.1
1820,-1,23.9,23.9
1821,-1,22.4,23.9
1822,-1,23.8,23.9
1823,-1,24.3,24.3
1824,1,0.0,0.0
1825,1,20.3,20.3
1826,1,26.8,26.8
1827,1,27.7,27.7
1828,1,58.3,58.3
1829,1,58.6,58.6
1830,1,54.6,58.6
1831,1,56.9,58.6
1832,1,56.9,58.6
1833,1,53.6,58.6
1834,1,51.4,58.6
1835,1,67.2,67.2
1836,1,71.3,71.3
1837,1,75.0,75.0
1838,1,74.6,75.0
1839,1,74.7,75.0
1840,1,71.3,75.0
1841,1,74.4,75.0
1842,1,71.9,75.0
1843,1,73.2,75.0
1844,1,74.2,75.0
1845,1,73.5,75.0
1846,1,86.5,86.5
1847,1,88.3,88.3
1848,1,81.7,88.3
1849,1,78.0,88.3
1850,1,54.0,88.3
1851,1,50.9,88.3
1852,1,48.4,88.3
1853,1,70.5,88.3
1854,1,73.7,88.3
1855,1,75.3,88.3
1856,1,77.6,88.3
1857,1,72.0,88.3
1858,1,77.4,88.3
1859,1,92.0,92.0
1860,1,85.6,92.0
1861,1,93.4,93.4
1862,1,90.3,93.4
1863,1,88.0,93.4
1864,1,84.4,93.4
1865,1,86.7,93.4
1866,1,86.0,93.4
1867,1,84.3,93.4
1868,1,88.8,93.4
1869,1,83.9,93.4
1870,1,79.8,93.4
1871,1,79.7,93.4
1872,1,82.9,93.4
1873,1,82.4,93.4
1874,1,75.4,93.4
1875,1,72.2,93.4
1876,1,70.6,93.4
1877,1,77.6,93.4
1878,1,78.7,93.4
1879,1,77.7,93.4
1880,1,81.6,93.4
1881,1,83.7,93.4
1882,1,82.3,93.4
1883,1,92.5,93.4
1884,1,80.9,93.4
1885,1,82.2,93.4
1886,1,81.0,93.4
1887,1,79.8,93.4
1888,1,80.6,93.4
1889,1,81.0,93.4
1890,1,83.2,93.4
1891,1,86.5,93.4
1892,1,80.4,93.4
1893,1,80.9,93.4
1894,1,79.8,93.4
1895,1,78.7,93.4
1896,1,68.0,93.4
1897,1,66.0,93.4
1898,1,68.7,93.4
1899,1,61.4,93.4
1900,1,61.9,93.4
1901,1,65.5,93.4
1902,1,64.3,93.4
1903,1,68.0,93.4
1904,1,68.3,93.4
1905,1,66.3,93.4
1906,1,54.4,93.4
1907,1,57.0,93.4
1908,1,63.6,93.4
1909,1,106.0,106.0
1910,1,126.8,126.8
1911,1,124.6,126.8
1912,1,116.6,126.8
1913,1,113.1,126.8
1914,1,118.4,126.8
1915,1,123.8,126.8
1916,1,114.4,126.8
1917,1,116.4,126.8
1918,1,116.0,126.8
1919,1,114.2,126.8
1920,1,114.1,126.8
1921,1,119.0,126.8
1922,-1,8.7,8.7
1923,-1,8.6,8.7
1924,-1,12.6,12.6
1925,-1,13.7,13.7
1926,-1,12.2,13.7
1927,-1,12.6,13.7
1928,-1,11.5,13.7
1929,-1,10.4,13.7
1930,-1,11.0,13.7
1931,-1,18.2,18.2
1932,-1,19.0,19.0
1933,-1,16.7,19.0
1934,-1,17.6,19.0
1935,-1,17.7,19.0
1936,-1,20.0,20.0
1937,-1,16.8,20.0
1938,-1,17.1,20.0
1939,-1,18.7,20.0
1940,-1,19.4,20.0
1941,-1,18.0,20.0
1942,-1,18.4,20.0
1943,-1,18.1,20.0
1944,-1,25.9,25.9
1945,-1,29.9,29.9
1946,-1,24.4,29.9
1947,-1,21.1,29.9
1948,-1,13.6,29.9
1949,-1,14.2,29.9
1950,-1,13.8,29.9
1951,-1,16.3,29.9
1952,-1,14.9,29.9
1953,-1,14.3,29.9
1954,-1,15.2,29.9
1955,-1,14.3,29.9
1956,-1,14.2,29.9
1957,-1,15.1,29.9
1958,-1,15.4,29.9
1959,-1,13.4,29.9
1960,-1,12.2,29.9
1961,-1,12.3,29.9
1962,-1,12.0,29.9
1963,-1,11.8,29.9
1964,-1,13.6,29.9
1965,-1,13.4,29.9
1966,-1,15.6,29.9
1967,-1,14.4,29.9
1968,-1,16.1,29.9
1969,-1,15.5,29.9
1970,-1,17.5,29.9
1971,-1,19.8,29.9
1972,-1,20.8,29.9
1973,-1,25.9,29.9
1974,-1,37.4,37.4
1975,-1,46.5,46.5
1976,-1,59.4,59.4
1977,-1,57.3,59.4
1978,-1,61.6,61.6
1979,-1,63.4,63.4
1980,-1,63.4,63.4
1981,-1,58.7,63.4
1982,-1,74.8,74.8
1983,-1,81.1,81.1
1984,-1,78.1,81.1
1985,-1,79.1,81.1
1986,-1,79.0,81.1
1987,-1,85.7,85.7
1988,-1,80.2,85.7
1989,-1,82.4,85.7
1990,-1,79.2,85.7
1991,-1,87.2,87.2
1992,-1,85.5,87.2
1993,-1,80.6,87.2
1994,-1,85.6,87.2
1995,-1,90.2,90.2
1996,-1,84.6,90.2
1997,-1,83.3,90.2
1998,-1,81.7,90.2
1999,-1,78.9,90.2
2000,-1,80.9,90.2
2001,-1,81.9,90.2
2002,-1,77.4,90.2
2003,-1,66.4,90.2
2004,-1,66.1,90.2
2005,-1,67.9,90.2
2006,-1,65.9,90.2
2007,-1,70.3,90.2
2008,-1,91.5,91.5
2009,-1,100.4,100.4
2010,-1,98.0,100.4
2011,-1,96.6,100.4
2012,-1,99.8,100.4
2013,-1,99.1,100.4
2014,-1,100.4,100.4
2015,-1,92.4,100.4
2016,-1,93.7,100.4
2017,-1,88.9,100.4
2018,-1,79.5,100.4
2019,-1,84.4,100.4
2020,-1,86.5,100.4
2021,-1,83.4,100.4
2022,-1,87.6,100.4
2023,-1,85.5,100.4
2024,-1,82.2,100.4
2025,-1,71.2,100.4
2026,-1,73.8,100.4
2027,-1,73.2,100.4
2028,-1,72.7,100.4
2029,-1,70.0,100.4
2030,-1,65.3,100.4
2031,-1,50.2,100.4
2032,-1,53.5,100.4
2033,-1,68.6,100.4
2034,-1,92.7,100.4
2035,-1,112.1,112.1
2036,-1,99.9,112.1
2037,-1,99.5,112.1
2038,-1,126.1,126.1
2039,-1,125.8,126.1
2040,-1,132.7,132.7
2041,-1,133.5,133.5
2042,-1,133.1,133.5
2043,-1,137.6,137.6
2044,-1,136.3,137.6
2045,-1,132.5,137.6
2046,-1,126.5,137.6
2047,-1,130.6,137.6
2048,-1,128.9,137.6
2049,-1,123.7,137.6
2050,-1,135.3,137.6
2051,-1,140.8,140.8
2052,-1,135.4,140.8
2053,-1,137.1,140.8
2054,-1,134.1,140.8
2055,-1,133.8,140.8
2056,-1,133.2,140.8
2057,-1,136.6,140.8
2058,-1,130.5,140.8
2059,-1,129.7,140.8
2060,-1,130.2,140.8
2061,-1,134.1,140.8
2062,-1,146.8,146.8
2063,-1,154.8,154.8
2064,-1,154.2,154.8
2065,-1,155.3,155.3
2066,1,0.0,0.0
2067,1,5.1,5.1
2068,1,5.7,5.7
2069,1,11.3,11.3
2070,1,12.3,12.3
2071,1,16.0,16.0
2072,1,19.3,19.3
2073,1,25.0,25.0
2074,1,24.9,25.0
2075,1,23.8,25.0
2076,1,26.1,26.1
2077,1,24.5,26.1
2078,1,24.3,26.1
2079,1,16.9,26.1
2080,1,13.6,26.1
2081,1,12.7,26.1
2082,1,12.4,26.1
2083,1,21.5,26.1
2084,1,20.1,26.1
2085,1,18.6,26.1
2086,1,15.0,26.1
2087,1,14.2,26.1
2088,1,17.4,26.1
2089,1,16.8,26.1
2090,1,24.1,26.1
2091,1,23.5,26.1
2092,1,27.2,27.2
2093,1,27.7,27.7
2094,1,33.4,33.4
2095,1,27.8,33.4
2096,1,28.6,33.4
2097,1,27.5,33.4
2098,1,26.7,33.4
2099,1,28.7,33.4
2100,1,29.9,33.4
2101,1,28.1,33.4
2102,1,26.9,33.4
2103,1,27.9,33.4
2104,1,28.7,33.4
2105,1,27.1,33.4
2106,1,31.7,33.4
2107,1,33.0,33.4
2108,1,30.1,33.4
2109,1,28.7,33.4
2110,1,27.3,33.4
2111,1,22.4,33.4
2112,1,22.2,33.4
2113,1,26.8,33.4
2114,1,28.3,33.4
2115,1,29.0,33.4
2116,1,26.3,33.4
2117,1,26.1,33.4
2118,1,36.2,36.2
2119,1,36.4,36.4
2120,1,31.4,36.4
2121,1,30.9,36.4
2122,1,30.5,36.4
2123,1,36.3,36.4
2124,1,34.6,36.4
2125,1,34.8,36.4
2126,1,34.1,36.4
2127,1,39.8,39.8
2128,-1,15.5,15.5
2129,-1,27.7,27.7
2130,-1,32.9,32.9
2131,-1,30.6,32.9
2132,-1,36.6,36.6
2133,-1,58.1,58.1
2134,-1,96.8,96.8
2135,-1,91.9,96.8
2136,-1,107.0,107.0
2137,-1,96.8,107.0
2138,-1,100.7,107.0
2139,-1,94.6,107.0
2140,-1,99.9,107.0
2141,-1,95.3,107.0
2142,-1,97.5,107.0
2143,-1,104.5,107.0
2144,-1,94.5,107.0
2145,-1,96.6,107.0
2146,-1,106.1,107.0
2147,-1,105.7,107.0
2148,-1,98.0,107.0
2149,-1,108.1,108.1
2150,-1,91.1,108.1
2151,-1,90.1,108.1
2152,-1,91.1,108.1
2153,-1,100.7,108.1
2154,-1,97.0,108.1
2155,-1,99.7,108.1
2156,1,0.0,0.0
2157,1,27.2,27.2
2158,1,22.9,27.2
2159,1,24.8,27.2
2160,1,30.6,30.6
2161,1,32.7,32.7
2162,1,29.2,32.7
2163,1,31.9,32.7
2164,1,29.7,32.7
2165,1,31.1,32.7
2166,1,29.6,32.7
2167,1,42.0,42.0
2168,1,39.4,42.0
2169,1,38.7,42.0
2170,1,38.8,42.0
2171,1,38.3,42.0
2172,1,36.4,42.0
2173,1,39.6,42.0
2174,1,38.6,42.0
2175,1,46.0,46.0
2176,1,41.1,46.0
2177,1,40.5,46.0
2178,1,42.8,46.0
2179,1,40.3,46.0
2180,1,40.2,46.0
2181,1,44.3,46.0
2182,1,37.9,46.0
2183,1,34.7,46.0
2184,1,35.5,46.0
2185,1,36.4,46.0
2186,1,34.6,46.0
2187,1,36.1,46.0
2188,1,38.6,46.0
2189,1,39.2,46.0
2190,1,44.0,46.0
2191,1,94.8,94.8
2192,1,88.3,94.8
2193,1,85.7,94.8
2194,1,83.3,94.8
2195,1,85.6,94.8
2196,1,92.9,94.8
2197,1,85.5,94.8
2198,1,84.8,94.8
2199,1,86.0,94.8
2200,1,83.1,94.8
2201,1,83.4,94.8
2202,1,84.8,94.8
2203,1,84.0,94.8
2204,1,68.3,94.8
2205,1,87.8,94.8
2206,1,92.4,94.8
2207,1,86.4,94.8
2208,1,85.7,94.8
2209,1,88.1,94.8
2210,1,89.1,94.8
2211,1,91.8,94.8
2212,1,88.4,94.8
2213,1,87.9,94.8
2214,1,85.8,94.8
2215,1,89.0,94.8
2216,1,98.6,98.6
2217,1,95.3,98.6
2218,1,86.2,98.6
2219,1,81.1,98.6
2220,1,79.7,98.6
2221,1,76.5,98.6
2222,1,77.2,98.6
2223,1,77.5,98.6
2224,1,73.3,98.6
2225,1,71.4,98.6
2226,1,77.5,98.6
2227,1,76.2,98.6
2228,1,75.6,98.6
2229,1,81.1,98.6
2230,1,83.0,98.6
2231,1,81.6,98.6
2232,1,81.3,98.6
2233,1,78.0,98.6
2234,1,73.4,98.6
2235,1,70.2,98.6
2236,1,69.2,98.6
2237,1,64.6,98.6
2238,1,66.3,98.6
2239,1,65.7,98.6
2240,1,63.6,98.6
2241,1,66.1,98.6
2242,1,56.6,98.6
2243,1,58.8,98.6
2244,1,64.9,98.6
2245,1,64.3,98.6
2246,1,75.2,98.6
2247,1,74.9,98.6
2248,1,73.1,98.6
2249,1,71.6,98.6
